Rank ,Puzzles , AMT (s)  ,Solved rate   ,1-sigma Mean (s)   , 1-sigma STD (s)   ,nums
 1, 1  1  4  6 , 4.39, 99.2%, 4.66, 1.47,"[1, 1, 4, 6]"
 2, 1  1  11  11 , 4.43, 99.6%, 4.69, 1.46,"[1, 1, 11, 11]"
 3, 1  1  3  8 , 4.44, 99.2%, 4.7, 1.49,"[1, 1, 3, 8]"
 4, 1  1  1  8 , 4.46, 98.9%, 4.65, 1.24,"[1, 1, 1, 8]"
 5, 6  6  6  6 , 4.58, 99.4%, 4.82, 1.49,"[6, 6, 6, 6]"
 6, 1  1  2  12 , 4.61, 99.2%, 4.95, 1.56,"[1, 1, 2, 12]"
 7, 1  1  10  12 , 4.8, 99%, 5.05, 1.54,"[1, 1, 10, 12]"
 8, 1  2  2  6 , 4.8, 99.2%, 5.16, 1.61,"[1, 2, 2, 6]"
 9, 1  1  1  12 , 4.85, 99.2%, 5.18, 1.63,"[1, 1, 1, 12]"
 10, 2  2  10  10 , 4.85, 98.2%, 5.13, 1.62,"[2, 2, 10, 10]"
 11, 1  1  2  8 , 4.96, 97.8%, 5.31, 1.74,"[1, 1, 2, 8]"
 12, 1  1  4  8 , 4.98, 98.2%, 5.35, 1.83,"[1, 1, 4, 8]"
 13, 2  2  2  12 , 5, 99.1%, 5.34, 1.68,"[2, 2, 2, 12]"
 14, 1  1  3  12 , 5.01, 97.3%, 5.35, 1.82,"[1, 1, 3, 12]"
 15, 1  1  5  8 , 5.01, 96.4%, 5.38, 1.82,"[1, 1, 5, 8]"
 16, 4  6  11  11 , 5.02, 98.9%, 5.39, 1.72,"[4, 6, 11, 11]"
 17, 1  1  4  12 , 5.04, 97.5%, 5.46, 1.84,"[1, 1, 4, 12]"
 18, 3  3  3  8 , 5.04, 98%, 5.4, 1.79,"[3, 3, 3, 8]"
 19, 1  1  12  12 , 5.05, 99.4%, 5.42, 1.66,"[1, 1, 12, 12]"
 20, 1  1  2  6 , 5.08, 98.4%, 5.4, 1.61,"[1, 1, 2, 6]"
 21, 1  1  2  11 , 5.1, 98.9%, 5.42, 1.7,"[1, 1, 2, 11]"
 22, 11  11  12  12 , 5.11, 98.7%, 5.52, 1.88,"[11, 11, 12, 12]"
 23, 1  2  3  4 , 5.12, 99.1%, 5.46, 1.82,"[1, 2, 3, 4]"
 24, 3  7  7  8 , 5.13, 96.8%, 5.51, 1.91,"[3, 7, 7, 8]"
 25, 1  1  13  13 , 5.14, 99.3%, 5.45, 1.65,"[1, 1, 13, 13]"
 26, 1  1  3  6 , 5.17, 97.8%, 5.51, 1.76,"[1, 1, 3, 6]"
 27, 1  1  3  9 , 5.18, 97%, 5.53, 1.86,"[1, 1, 3, 9]"
 28, 1  1  5  6 , 5.18, 96.9%, 5.62, 2.03,"[1, 1, 5, 6]"
 29, 1  2  4  12 , 5.18, 97.7%, 5.58, 1.99,"[1, 2, 4, 12]"
 30, 1  1  2  13 , 5.19, 98.7%, 5.49, 1.78,"[1, 1, 2, 13]"
 31, 4  6  7  7 , 5.19, 98.6%, 5.53, 1.83,"[4, 6, 7, 7]"
 32, 7  7  12  12 , 5.21, 98.6%, 5.6, 1.87,"[7, 7, 12, 12]"
 33, 1  1  11  13 , 5.23, 99.1%, 5.65, 1.83,"[1, 1, 11, 13]"
 34, 4  5  12  12 , 5.24, 97%, 5.61, 1.79,"[4, 5, 12, 12]"
 35, 4  6  13  13 , 5.24, 98.8%, 5.65, 1.79,"[4, 6, 13, 13]"
 36, 12  12  12  12 , 5.24, 99.3%, 5.72, 2.12,"[12, 12, 12, 12]"
 37, 1  6  6  12 , 5.25, 98.7%, 5.58, 1.71,"[1, 6, 6, 12]"
 38, 2  11  11  12 , 5.25, 97.2%, 5.67, 1.99,"[2, 11, 11, 12]"
 39, 4  4  4  6 , 5.26, 98.2%, 5.62, 1.96,"[4, 4, 4, 6]"
 40, 1  1  1  11 , 5.28, 97.4%, 5.57, 1.65,"[1, 1, 1, 11]"
 41, 2  7  7  12 , 5.28, 98.7%, 5.65, 1.89,"[2, 7, 7, 12]"
 42, 1  1  11  12 , 5.29, 99.3%, 5.68, 1.78,"[1, 1, 11, 12]"
 43, 1  5  7  12 , 5.3, 98.3%, 5.87, 2.11,"[1, 5, 7, 12]"
 44, 10  10  12  12 , 5.3, 98.6%, 5.72, 1.89,"[10, 10, 12, 12]"
 45, 1  8  8  8 , 5.32, 97.8%, 5.67, 1.94,"[1, 8, 8, 8]"
 46, 2  2  3  8 , 5.33, 98.2%, 5.73, 1.95,"[2, 2, 3, 8]"
 47, 3  8  13  13 , 5.33, 94.9%, 5.69, 2.07,"[3, 8, 13, 13]"
 48, 11  11  11  12 , 5.33, 94.9%, 5.62, 1.98,"[11, 11, 11, 12]"
 49, 1  1  5  5 , 5.35, 99.1%, 5.71, 1.8,"[1, 1, 5, 5]"
 50, 2  9  9  12 , 5.35, 97.4%, 5.76, 2,"[2, 9, 9, 12]"
 51, 9  9  12  12 , 5.36, 98.4%, 5.84, 2.1,"[9, 9, 12, 12]"
 52, 3  3  12  12 , 5.38, 98.8%, 5.85, 2.04,"[3, 3, 12, 12]"
 53, 1  1  4  5 , 5.39, 97.8%, 5.77, 2,"[1, 1, 4, 5]"
 54, 3  8  11  11 , 5.39, 96%, 5.74, 2.07,"[3, 8, 11, 11]"
 55, 8  8  12  12 , 5.39, 98.6%, 5.82, 1.96,"[8, 8, 12, 12]"
 56, 1  6  8  12 , 5.4, 96.9%, 5.78, 1.99,"[1, 6, 8, 12]"
 57, 5  6  12  12 , 5.4, 97.1%, 5.79, 1.8,"[5, 6, 12, 12]"
 58, 11  12  12  12 , 5.4, 97.7%, 5.74, 1.88,"[11, 12, 12, 12]"
 59, 12  12  13  13 , 5.4, 98.6%, 5.8, 1.91,"[12, 12, 13, 13]"
 60, 1  1  12  13 , 5.42, 98.8%, 5.81, 1.84,"[1, 1, 12, 13]"
 61, 1  3  5  12 , 5.42, 96.4%, 5.78, 2.09,"[1, 3, 5, 12]"
 62, 5  5  12  12 , 5.42, 98.7%, 5.79, 1.74,"[5, 5, 12, 12]"
 63, 1  9  9  12 , 5.44, 95.6%, 5.72, 1.77,"[1, 9, 9, 12]"
 64, 3  8  10  10 , 5.44, 95.6%, 5.9, 2.26,"[3, 8, 10, 10]"
 65, 3  4  4  8 , 5.46, 98.3%, 5.87, 1.94,"[3, 4, 4, 8]"
 66, 3  8  9  9 , 5.46, 97.1%, 5.82, 1.97,"[3, 8, 9, 9]"
 67, 2  3  3  12 , 5.47, 98.6%, 5.92, 2.05,"[2, 3, 3, 12]"
 68, 2  5  5  12 , 5.48, 98.7%, 5.89, 1.99,"[2, 5, 5, 12]"
 69, 2  12  13  13 , 5.5, 97.2%, 5.84, 2,"[2, 12, 13, 13]"
 70, 7  7  11  12 , 5.5, 93.7%, 5.79, 2.05,"[7, 7, 11, 12]"
 71, 11  11  11  13 , 5.5, 98.4%, 6.04, 2.24,"[11, 11, 11, 13]"
 72, 1  1  3  7 , 5.51, 96.9%, 5.83, 1.95,"[1, 1, 3, 7]"
 73, 1  4  10  10 , 5.51, 97.9%, 5.92, 2.09,"[1, 4, 10, 10]"
 74, 5  5  11  12 , 5.51, 96.5%, 5.89, 1.89,"[5, 5, 11, 12]"
 75, 1  2  5  8 , 5.53, 95.6%, 5.94, 2.25,"[1, 2, 5, 8]"
 76, 1  3  4  12 , 5.53, 98.6%, 5.95, 1.95,"[1, 3, 4, 12]"
 77, 4  4  12  12 , 5.53, 98.6%, 5.95, 2.05,"[4, 4, 12, 12]"
 78, 2  2  4  6 , 5.55, 99%, 5.93, 1.91,"[2, 2, 4, 6]"
 79, 3  5  5  8 , 5.55, 97%, 5.94, 2.06,"[3, 5, 5, 8]"
 80, 1  8  9  12 , 5.56, 96.4%, 5.87, 1.96,"[1, 8, 9, 12]"
 81, 1  3  10  10 , 5.57, 97.4%, 5.86, 1.99,"[1, 3, 10, 10]"
 82, 2  3  12  12 , 5.58, 97.4%, 5.97, 1.98,"[2, 3, 12, 12]"
 83, 6  7  12  12 , 5.58, 95.7%, 5.95, 2.04,"[6, 7, 12, 12]"
 84, 1  1  1  13 , 5.59, 97.3%, 5.9, 1.78,"[1, 1, 1, 13]"
 85, 1  4  7  12 , 5.59, 98.4%, 5.99, 2,"[1, 4, 7, 12]"
 86, 1  6  7  12 , 5.59, 98.5%, 6, 1.99,"[1, 6, 7, 12]"
 87, 2  3  3  8 , 5.59, 96.9%, 5.94, 1.93,"[2, 3, 3, 8]"
 88, 1  3  3  4 , 5.6, 97.5%, 5.85, 1.77,"[1, 3, 3, 4]"
 89, 1  8  8  12 , 5.61, 96.5%, 5.91, 1.88,"[1, 8, 8, 12]"
 90, 8  8  11  13 , 5.62, 97.1%, 6.13, 2.29,"[8, 8, 11, 13]"
 91, 1  1  4  7 , 5.63, 97.2%, 5.94, 2.05,"[1, 1, 4, 7]"
 92, 2  7  7  8 , 5.63, 96.8%, 5.94, 1.99,"[2, 7, 7, 8]"
 93, 3  7  8  8 , 5.65, 96.1%, 6.02, 2.06,"[3, 7, 8, 8]"
 94, 5  5  7  7 , 5.65, 97.9%, 5.98, 1.9,"[5, 5, 7, 7]"
 95, 1  1  10  13 , 5.66, 97.9%, 6.1, 2.19,"[1, 1, 10, 13]"
 96, 1  2  5  12 , 5.66, 95.6%, 6.12, 2.2,"[1, 2, 5, 12]"
 97, 4  4  11  13 , 5.66, 98%, 6.26, 2.34,"[4, 4, 11, 13]"
 98, 4  6  6  6 , 5.66, 98.4%, 6.04, 2.08,"[4, 6, 6, 6]"
 99, 7  8  12  12 , 5.66, 96.1%, 6.1, 2.13,"[7, 8, 12, 12]"
 100, 9  9  11  12 , 5.66, 94%, 6, 2.15,"[9, 9, 11, 12]"
 101, 1  1  2  10 , 5.68, 95.7%, 5.97, 1.82,"[1, 1, 2, 10]"
 102, 1  6  9  12 , 5.69, 95.5%, 6.06, 2.12,"[1, 6, 9, 12]"
 103, 1  7  9  12 , 5.69, 96.1%, 6.09, 2.23,"[1, 7, 9, 12]"
 104, 3  3  4  6 , 5.69, 97.8%, 6.12, 2.1,"[3, 3, 4, 6]"
 105, 4  5  5  6 , 5.69, 97.4%, 6.1, 2.11,"[4, 5, 5, 6]"
 106, 4  5  11  12 , 5.69, 97.4%, 6.08, 2.1,"[4, 5, 11, 12]"
 107, 1  7  7  10 , 5.7, 97.9%, 6.15, 2.15,"[1, 7, 7, 10]"
 108, 2  2  12  12 , 5.7, 98.7%, 6.22, 2.24,"[2, 2, 12, 12]"
 109, 3  7  7  7 , 5.7, 97.5%, 6.03, 2.01,"[3, 7, 7, 7]"
 110, 1  2  2  10 , 5.71, 96.5%, 6.05, 2.1,"[1, 2, 2, 10]"
 111, 2  2  2  3 , 5.71, 99%, 5.97, 1.71,"[2, 2, 2, 3]"
 112, 4  8  11  11 , 5.71, 95.2%, 6.03, 1.98,"[4, 8, 11, 11]"
 113, 1  6  6  11 , 5.72, 98.2%, 6.19, 2.25,"[1, 6, 6, 11]"
 114, 3  3  11  12 , 5.73, 94.7%, 6.12, 2.2,"[3, 3, 11, 12]"
 115, 3  8  8  8 , 5.73, 97.5%, 6.11, 2.14,"[3, 8, 8, 8]"
 116, 3  6  11  11 , 5.74, 94.4%, 6.03, 2.08,"[3, 6, 11, 11]"
 117, 4  4  11  12 , 5.74, 91.9%, 6.1, 2.37,"[4, 4, 11, 12]"
 118, 12  12  12  13 , 5.74, 97.5%, 6.07, 1.96,"[12, 12, 12, 13]"
 119, 1  2  2  12 , 5.75, 97.7%, 6.1, 1.98,"[1, 2, 2, 12]"
 120, 2  8  9  9 , 5.76, 96.4%, 6.16, 2.11,"[2, 8, 9, 9]"
 121, 2  2  3  12 , 5.77, 98.1%, 6.18, 2.03,"[2, 2, 3, 12]"
 122, 8  9  12  12 , 5.77, 96.2%, 6.25, 2.23,"[8, 9, 12, 12]"
 123, 1  5  8  8 , 5.78, 94.8%, 6.36, 2.68,"[1, 5, 8, 8]"
 124, 1  5  6  12 , 5.79, 98.5%, 6.17, 2.06,"[1, 5, 6, 12]"
 125, 6  6  12  12 , 5.79, 98.4%, 6.33, 2.35,"[6, 6, 12, 12]"
 126, 4  6  9  9 , 5.8, 96.3%, 6.18, 2.23,"[4, 6, 9, 9]"
 127, 6  6  11  13 , 5.8, 97.8%, 6.3, 2.23,"[6, 6, 11, 13]"
 128, 7  7  11  13 , 5.8, 97.5%, 6.34, 2.3,"[7, 7, 11, 13]"
 129, 1  4  4  12 , 5.81, 95.7%, 6.3, 2.34,"[1, 4, 4, 12]"
 130, 1  4  6  12 , 5.81, 96.7%, 6.25, 2.42,"[1, 4, 6, 12]"
 131, 3  4  4  6 , 5.81, 97.4%, 6.14, 1.96,"[3, 4, 4, 6]"
 132, 9  9  11  13 , 5.81, 96.8%, 6.35, 2.39,"[9, 9, 11, 13]"
 133, 3  8  12  13 , 5.83, 96%, 6.19, 2.18,"[3, 8, 12, 13]"
 134, 1  8  10  12 , 5.84, 95.5%, 6.17, 2.17,"[1, 8, 10, 12]"
 135, 4  6  6  7 , 5.85, 96.5%, 6.21, 2.08,"[4, 6, 6, 7]"
 136, 11  13  13  13 , 5.86, 97.7%, 6.43, 2.44,"[11, 13, 13, 13]"
 137, 2  4  4  12 , 5.87, 98.4%, 6.25, 2.14,"[2, 4, 4, 12]"
 138, 1  3  6  12 , 5.89, 96.9%, 6.3, 2.2,"[1, 3, 6, 12]"
 139, 4  6  8  8 , 5.89, 96.7%, 6.33, 2.24,"[4, 6, 8, 8]"
 140, 2  4  11  11 , 5.9, 96.2%, 6.35, 2.34,"[2, 4, 11, 11]"
 141, 3  4  11  13 , 5.9, 96.4%, 6.36, 2.36,"[3, 4, 11, 13]"
 142, 3  6  7  7 , 5.9, 93.3%, 6.27, 2.35,"[3, 6, 7, 7]"
 143, 5  6  11  12 , 5.9, 97.3%, 6.37, 2.23,"[5, 6, 11, 12]"
 144, 1  4  5  12 , 5.91, 95.8%, 6.34, 2.32,"[1, 4, 5, 12]"
 145, 1  4  8  12 , 5.91, 97.6%, 6.27, 2.19,"[1, 4, 8, 12]"
 146, 2  10  10  12 , 5.91, 97.1%, 6.28, 2.3,"[2, 10, 10, 12]"
 147, 6  6  10  13 , 5.91, 93.8%, 6.43, 2.66,"[6, 6, 10, 13]"
 148, 3  6  6  8 , 5.92, 97.1%, 6.34, 2.24,"[3, 6, 6, 8]"
 149, 1  3  3  12 , 5.93, 95.4%, 6.34, 2.31,"[1, 3, 3, 12]"
 150, 1  12  13  13 , 5.93, 94.4%, 6.26, 2.15,"[1, 12, 13, 13]"
 151, 3  6  13  13 , 5.93, 94.6%, 6.17, 1.96,"[3, 6, 13, 13]"
 152, 3  8  10  11 , 5.93, 94.5%, 6.29, 2.36,"[3, 8, 10, 11]"
 153, 4  6  10  11 , 5.93, 94.5%, 6.33, 2.39,"[4, 6, 10, 11]"
 154, 10  11  12  12 , 5.93, 95.9%, 6.28, 2.05,"[10, 11, 12, 12]"
 155, 4  8  10  10 , 5.94, 97.5%, 6.36, 2.16,"[4, 8, 10, 10]"
 156, 10  10  11  13 , 5.94, 97.6%, 6.5, 2.34,"[10, 10, 11, 13]"
 157, 1  11  11  12 , 5.95, 93.5%, 6.18, 2.22,"[1, 11, 11, 12]"
 158, 2  8  8  12 , 5.95, 97.5%, 6.5, 2.47,"[2, 8, 8, 12]"
 159, 4  5  12  13 , 5.95, 97.7%, 6.45, 2.16,"[4, 5, 12, 13]"
 160, 1  1  3  13 , 5.96, 95.1%, 6.35, 2.11,"[1, 1, 3, 13]"
 161, 1  2  11  11 , 5.97, 97.4%, 6.46, 2.44,"[1, 2, 11, 11]"
 162, 9  10  12  12 , 5.97, 95.7%, 6.26, 2.02,"[9, 10, 12, 12]"
 163, 1  7  8  9 , 5.98, 97.1%, 6.42, 2.28,"[1, 7, 8, 9]"
 164, 3  7  10  10 , 5.98, 97.3%, 6.38, 2.21,"[3, 7, 10, 10]"
 165, 4  6  10  10 , 5.98, 96.4%, 6.37, 2.37,"[4, 6, 10, 10]"
 166, 5  5  5  5 , 5.98, 95.2%, 6.39, 2.17,"[5, 5, 5, 5]"
 167, 1  3  6  8 , 5.99, 95.6%, 6.41, 2.54,"[1, 3, 6, 8]"
 168, 1  6  12  12 , 5.99, 94.5%, 6.38, 2.42,"[1, 6, 12, 12]"
 169, 1  7  8  10 , 5.99, 97.6%, 6.41, 2.29,"[1, 7, 8, 10]"
 170, 2  8  10  10 , 5.99, 95.4%, 6.3, 2.07,"[2, 8, 10, 10]"
 171, 1  2  4  4 , 6, 97%, 6.33, 2.13,"[1, 2, 4, 4]"
 172, 1  2  6  6 , 6, 97.5%, 6.42, 2.23,"[1, 2, 6, 6]"
 173, 1  2  6  12 , 6, 96.9%, 6.38, 2.24,"[1, 2, 6, 12]"
 174, 1  6  7  10 , 6, 98.6%, 6.55, 2.27,"[1, 6, 7, 10]"
 175, 1  5  7  11 , 6.01, 98.5%, 6.47, 2.13,"[1, 5, 7, 11]"
 176, 4  5  5  5 , 6.01, 97.5%, 6.55, 2.4,"[4, 5, 5, 5]"
 177, 1  10  10  12 , 6.02, 92.4%, 6.23, 2.09,"[1, 10, 10, 12]"
 178, 1  5  8  12 , 6.03, 98.2%, 6.49, 2.2,"[1, 5, 8, 12]"
 179, 1  2  10  12 , 6.04, 97.4%, 6.54, 2.38,"[1, 2, 10, 12]"
 180, 2  2  11  13 , 6.04, 98%, 6.6, 2.42,"[2, 2, 11, 13]"
 181, 3  8  12  12 , 6.04, 96.6%, 6.49, 2.47,"[3, 8, 12, 12]"
 182, 4  8  13  13 , 6.04, 94.6%, 6.27, 1.91,"[4, 8, 13, 13]"
 183, 1  1  4  4 , 6.05, 94.6%, 6.33, 2.42,"[1, 1, 4, 4]"
 184, 3  9  9  9 , 6.05, 97.6%, 6.49, 2.16,"[3, 9, 9, 9]"
 185, 1  2  4  8 , 6.06, 96.6%, 6.46, 2.31,"[1, 2, 4, 8]"
 186, 3  4  12  12 , 6.06, 94.6%, 6.53, 2.47,"[3, 4, 12, 12]"
 187, 1  1  6  6 , 6.07, 97.2%, 6.48, 2.19,"[1, 1, 6, 6]"
 188, 1  3  9  12 , 6.08, 96.3%, 6.49, 2.35,"[1, 3, 9, 12]"
 189, 1  6  8  9 , 6.08, 98.2%, 6.53, 2.35,"[1, 6, 8, 9]"
 190, 1  2  6  8 , 6.09, 96%, 6.42, 2.34,"[1, 2, 6, 8]"
 191, 4  7  7  8 , 6.09, 93.8%, 6.57, 2.52,"[4, 7, 7, 8]"
 192, 3  3  11  13 , 6.1, 97%, 6.62, 2.49,"[3, 3, 11, 13]"
 193, 1  1  3  4 , 6.11, 98%, 6.44, 2.05,"[1, 1, 3, 4]"
 194, 1  1  9  13 , 6.11, 97.3%, 6.55, 2.5,"[1, 1, 9, 13]"
 195, 5  6  12  13 , 6.11, 97.5%, 6.52, 2.17,"[5, 6, 12, 13]"
 196, 1  7  8  8 , 6.12, 96.7%, 6.64, 2.65,"[1, 7, 8, 8]"
 197, 2  2  11  12 , 6.12, 92.5%, 6.51, 2.55,"[2, 2, 11, 12]"
 198, 3  3  4  8 , 6.12, 96.3%, 6.44, 2.14,"[3, 3, 4, 8]"
 199, 3  8  11  12 , 6.12, 94.3%, 6.61, 2.66,"[3, 8, 11, 12]"
 200, 2  8  13  13 , 6.13, 90.4%, 6.45, 2.59,"[2, 8, 13, 13]"
 201, 2  11  12  12 , 6.13, 95.4%, 6.51, 2.27,"[2, 11, 12, 12]"
 202, 1  7  7  12 , 6.15, 89%, 6.28, 2.32,"[1, 7, 7, 12]"
 203, 10  13  13  13 , 6.15, 93.4%, 6.61, 2.81,"[10, 13, 13, 13]"
 204, 1  2  3  10 , 6.16, 98.4%, 6.48, 2,"[1, 2, 3, 10]"
 205, 1  5  7  13 , 6.16, 98%, 6.54, 2.08,"[1, 5, 7, 13]"
 206, 2  3  11  12 , 6.16, 94.8%, 6.73, 2.74,"[2, 3, 11, 12]"
 207, 2  11  11  11 , 6.16, 89.9%, 6.26, 2.49,"[2, 11, 11, 11]"
 208, 5  5  12  13 , 6.16, 95.5%, 6.64, 2.17,"[5, 5, 12, 13]"
 209, 1  5  5  12 , 6.17, 90.5%, 6.38, 2.33,"[1, 5, 5, 12]"
 210, 3  3  3  6 , 6.17, 97.7%, 6.72, 2.57,"[3, 3, 3, 6]"
 211, 3  3  3  12 , 6.17, 96.9%, 6.63, 2.46,"[3, 3, 3, 12]"
 212, 5  5  11  13 , 6.17, 96.2%, 6.77, 2.52,"[5, 5, 11, 13]"
 213, 1  2  3  8 , 6.18, 97%, 6.59, 2.35,"[1, 2, 3, 8]"
 214, 2  13  13  13 , 6.18, 91.1%, 6.36, 2.36,"[2, 13, 13, 13]"
 215, 4  7  12  12 , 6.19, 88.7%, 6.61, 2.94,"[4, 7, 12, 12]"
 216, 8  8  11  12 , 6.19, 90.7%, 6.55, 2.66,"[8, 8, 11, 12]"
 217, 10  10  11  12 , 6.19, 93.4%, 6.55, 2.3,"[10, 10, 11, 12]"
 218, 11  12  13  13 , 6.2, 95.2%, 6.67, 2.41,"[11, 12, 13, 13]"
 219, 1  4  7  8 , 6.21, 96.7%, 6.71, 2.72,"[1, 4, 7, 8]"
 220, 1  10  12  12 , 6.22, 95.9%, 6.82, 2.9,"[1, 10, 12, 12]"
 221, 5  5  5  6 , 6.22, 96.1%, 6.68, 2.33,"[5, 5, 5, 6]"
 222, 1  2  2  8 , 6.23, 93.4%, 6.68, 2.64,"[1, 2, 2, 8]"
 223, 1  8  10  13 , 6.24, 94.9%, 6.57, 2.41,"[1, 8, 10, 13]"
 224, 2  2  4  5 , 6.24, 98.3%, 6.61, 2.1,"[2, 2, 4, 5]"
 225, 1  2  13  13 , 6.25, 97.1%, 6.96, 2.71,"[1, 2, 13, 13]"
 226, 1  4  6  8 , 6.25, 94.5%, 6.61, 2.53,"[1, 4, 6, 8]"
 227, 1  4  8  8 , 6.25, 96.6%, 6.72, 2.47,"[1, 4, 8, 8]"
 228, 3  11  11  12 , 6.25, 91.2%, 6.45, 2.16,"[3, 11, 11, 12]"
 229, 1  5  10  10 , 6.26, 97.3%, 6.64, 2.29,"[1, 5, 10, 10]"
 230, 4  6  12  13 , 6.26, 93.8%, 6.79, 2.85,"[4, 6, 12, 13]"
 231, 7  7  12  13 , 6.26, 93.8%, 6.68, 2.36,"[7, 7, 12, 13]"
 232, 1  1  5  7 , 6.27, 96.5%, 6.59, 2.11,"[1, 1, 5, 7]"
 233, 1  2  3  12 , 6.27, 96.3%, 6.81, 2.53,"[1, 2, 3, 12]"
 234, 4  4  10  13 , 6.27, 93.5%, 6.75, 2.8,"[4, 4, 10, 13]"
 235, 2  7  8  12 , 6.29, 95%, 6.75, 2.57,"[2, 7, 8, 12]"
 236, 6  7  11  12 , 6.29, 96.9%, 6.84, 2.59,"[6, 7, 11, 12]"
 237, 1  3  11  11 , 6.3, 97.3%, 6.69, 2.41,"[1, 3, 11, 11]"
 238, 4  4  5  6 , 6.3, 95.8%, 6.6, 2.24,"[4, 4, 5, 6]"
 239, 7  9  11  11 , 6.3, 95.8%, 6.76, 2.63,"[7, 9, 11, 11]"
 240, 1  3  8  9 , 6.31, 92.3%, 6.9, 3.24,"[1, 3, 8, 9]"
 241, 1  4  12  12 , 6.31, 91.3%, 6.56, 2.49,"[1, 4, 12, 12]"
 242, 1  2  10  11 , 6.32, 97.6%, 6.66, 2.39,"[1, 2, 10, 11]"
 243, 1  5  7  8 , 6.33, 94.7%, 6.71, 2.41,"[1, 5, 7, 8]"
 244, 2  2  2  8 , 6.33, 96.5%, 6.88, 2.73,"[2, 2, 2, 8]"
 245, 2  12  12  13 , 6.33, 95.6%, 6.73, 2.38,"[2, 12, 12, 13]"
 246, 9  9  12  13 , 6.33, 94.1%, 6.68, 2.22,"[9, 9, 12, 13]"
 247, 1  4  4  5 , 6.34, 96.9%, 6.86, 2.68,"[1, 4, 4, 5]"
 248, 1  5  8  9 , 6.34, 94.1%, 6.81, 2.64,"[1, 5, 8, 9]"
 249, 4  8  9  9 , 6.35, 90.5%, 6.52, 2.3,"[4, 8, 9, 9]"
 250, 2  12  12  12 , 6.36, 98.4%, 6.76, 2.45,"[2, 12, 12, 12]"
 251, 2  8  11  11 , 6.39, 88.6%, 6.57, 2.77,"[2, 8, 11, 11]"
 252, 2  11  13  13 , 6.39, 94.3%, 6.87, 2.5,"[2, 11, 13, 13]"
 253, 3  6  7  8 , 6.39, 97.8%, 6.78, 2.3,"[3, 6, 7, 8]"
 254, 1  2  8  8 , 6.4, 96.2%, 6.96, 2.7,"[1, 2, 8, 8]"
 255, 1  2  12  12 , 6.4, 96%, 6.72, 2.2,"[1, 2, 12, 12]"
 256, 8  8  8  10 , 6.4, 90.3%, 6.75, 2.92,"[8, 8, 8, 10]"
 257, 10  10  10  13 , 6.4, 93%, 6.84, 2.98,"[10, 10, 10, 13]"
 258, 1  6  6  13 , 6.41, 97.3%, 6.8, 2.44,"[1, 6, 6, 13]"
 259, 1  8  8  9 , 6.41, 96.3%, 6.92, 2.7,"[1, 8, 8, 9]"
 260, 1  3  3  7 , 6.42, 96.1%, 7.26, 3.32,"[1, 3, 3, 7]"
 261, 1  3  6  6 , 6.42, 97.2%, 6.91, 2.6,"[1, 3, 6, 6]"
 262, 2  5  6  12 , 6.42, 95.2%, 6.83, 2.53,"[2, 5, 6, 12]"
 263, 4  5  9  9 , 6.42, 88.5%, 6.67, 2.73,"[4, 5, 9, 9]"
 264, 1  6  7  11 , 6.43, 97.4%, 7.06, 2.88,"[1, 6, 7, 11]"
 265, 2  8  10  11 , 6.43, 94.9%, 6.93, 2.64,"[2, 8, 10, 11]"
 266, 3  6  10  11 , 6.43, 95.8%, 7.07, 2.87,"[3, 6, 10, 11]"
 267, 2  6  6  12 , 6.44, 97.7%, 6.97, 2.56,"[2, 6, 6, 12]"
 268, 3  7  9  9 , 6.44, 91.2%, 6.9, 2.82,"[3, 7, 9, 9]"
 269, 6  6  11  12 , 6.45, 89.1%, 6.77, 2.97,"[6, 6, 11, 12]"
 270, 1  1  3  11 , 6.46, 94.3%, 6.71, 1.98,"[1, 1, 3, 11]"
 271, 3  12  13  13 , 6.46, 91.2%, 6.65, 2.3,"[3, 12, 13, 13]"
 272, 1  6  9  9 , 6.47, 97.5%, 6.89, 2.5,"[1, 6, 9, 9]"
 273, 2  3  11  13 , 6.47, 91.9%, 6.9, 2.76,"[2, 3, 11, 13]"
 274, 4  4  4  4 , 6.47, 97.8%, 7.07, 2.91,"[4, 4, 4, 4]"
 275, 4  5  13  13 , 6.47, 87.8%, 6.71, 2.84,"[4, 5, 13, 13]"
 276, 1  2  4  6 , 6.49, 95.9%, 6.88, 2.53,"[1, 2, 4, 6]"
 277, 1  3  5  8 , 6.49, 95.2%, 7.14, 2.9,"[1, 3, 5, 8]"
 278, 6  10  10  10 , 6.49, 95.8%, 6.75, 2.3,"[6, 10, 10, 10]"
 279, 1  7  8  12 , 6.51, 95.7%, 7, 2.66,"[1, 7, 8, 12]"
 280, 1  9  12  12 , 6.51, 92.6%, 6.88, 2.8,"[1, 9, 12, 12]"
 281, 10  11  11  13 , 6.51, 94.8%, 6.9, 2.6,"[10, 11, 11, 13]"
 282, 1  4  4  7 , 6.52, 96%, 7.25, 3.19,"[1, 4, 4, 7]"
 283, 1  4  6  13 , 6.52, 97.5%, 6.97, 2.38,"[1, 4, 6, 13]"
 284, 1  3  3  5 , 6.53, 95.1%, 6.8, 2.48,"[1, 3, 3, 5]"
 285, 2  4  5  12 , 6.53, 94.5%, 6.99, 2.89,"[2, 4, 5, 12]"
 286, 4  5  6  6 , 6.53, 95.4%, 6.85, 2.36,"[4, 5, 6, 6]"
 287, 4  6  7  8 , 6.53, 95.8%, 6.96, 2.47,"[4, 6, 7, 8]"
 288, 12  13  13  13 , 6.53, 94.4%, 6.88, 2.43,"[12, 13, 13, 13]"
 289, 2  2  2  11 , 6.54, 92.2%, 6.83, 2.68,"[2, 2, 2, 11]"
 290, 1  4  7  13 , 6.55, 96.6%, 7.22, 2.94,"[1, 4, 7, 13]"
 291, 3  4  5  8 , 6.55, 96.2%, 7.01, 2.66,"[3, 4, 5, 8]"
 292, 3  5  11  11 , 6.55, 94.6%, 7.06, 2.97,"[3, 5, 11, 11]"
 293, 3  9  9  12 , 6.56, 94.9%, 6.96, 2.59,"[3, 9, 9, 12]"
 294, 1  5  10  12 , 6.58, 92%, 6.98, 3.05,"[1, 5, 10, 12]"
 295, 1  7  7  11 , 6.58, 96.9%, 7.15, 2.6,"[1, 7, 7, 11]"
 296, 2  3  4  6 , 6.58, 97.7%, 7, 2.3,"[2, 3, 4, 6]"
 297, 2  10  11  12 , 6.58, 95.9%, 6.89, 2.41,"[2, 10, 11, 12]"
 298, 3  7  13  13 , 6.58, 87.3%, 6.72, 2.75,"[3, 7, 13, 13]"
 299, 3  10  10  12 , 6.58, 94.3%, 6.93, 2.32,"[3, 10, 10, 12]"
 300, 1  2  5  6 , 6.59, 94.5%, 7.11, 2.76,"[1, 2, 5, 6]"
 301, 1  5  8  10 , 6.59, 96.4%, 7.12, 2.55,"[1, 5, 8, 10]"
 302, 2  8  8  13 , 6.59, 92.9%, 6.99, 2.6,"[2, 8, 8, 13]"
 303, 4  6  11  12 , 6.59, 92.9%, 6.99, 2.91,"[4, 6, 11, 12]"
 304, 5  6  6  7 , 6.59, 97.9%, 7.08, 2.43,"[5, 6, 6, 7]"
 305, 3  7  7  12 , 6.6, 90.1%, 6.79, 2.58,"[3, 7, 7, 12]"
 306, 3  7  11  11 , 6.6, 88%, 6.83, 3.05,"[3, 7, 11, 11]"
 307, 4  6  12  12 , 6.6, 96.9%, 7.06, 2.45,"[4, 6, 12, 12]"
 308, 1  6  8  10 , 6.61, 97.1%, 7.03, 2.41,"[1, 6, 8, 10]"
 309, 7  8  11  12 , 6.61, 96.2%, 7.09, 2.66,"[7, 8, 11, 12]"
 310, 1  3  3  9 , 6.62, 96.8%, 7.16, 2.83,"[1, 3, 3, 9]"
 311, 1  3  13  13 , 6.63, 97%, 7.13, 2.59,"[1, 3, 13, 13]"
 312, 1  10  11  12 , 6.63, 94.6%, 7.02, 2.5,"[1, 10, 11, 12]"
 313, 2  2  8  12 , 6.63, 98%, 7.07, 2.29,"[2, 2, 8, 12]"
 314, 1  2  10  13 , 6.64, 97%, 7.15, 2.71,"[1, 2, 10, 13]"
 315, 3  6  6  7 , 6.65, 93.7%, 7.11, 2.69,"[3, 6, 6, 7]"
 316, 3  8  9  10 , 6.65, 96.2%, 7, 2.5,"[3, 8, 9, 10]"
 317, 4  4  12  13 , 6.66, 92%, 7.04, 2.56,"[4, 4, 12, 13]"
 318, 1  2  3  6 , 6.67, 97%, 7.09, 2.42,"[1, 2, 3, 6]"
 319, 2  8  9  12 , 6.67, 95.1%, 7.07, 2.74,"[2, 8, 9, 12]"
 320, 3  3  3  3 , 6.67, 96%, 7.4, 3.33,"[3, 3, 3, 3]"
 321, 1  2  5  5 , 6.68, 95.2%, 7.19, 2.9,"[1, 2, 5, 5]"
 322, 9  9  10  13 , 6.68, 91%, 6.88, 2.66,"[9, 9, 10, 13]"
 323, 1  9  11  12 , 6.69, 93.7%, 7.11, 3,"[1, 9, 11, 12]"
 324, 2  5  6  11 , 6.69, 96.3%, 7.18, 2.61,"[2, 5, 6, 11]"
 325, 1  12  12  12 , 6.7, 93.5%, 6.9, 2.56,"[1, 12, 12, 12]"
 326, 1  3  3  3 , 6.71, 95.6%, 7.09, 2.53,"[1, 3, 3, 3]"
 327, 1  4  8  13 , 6.71, 97.5%, 7.08, 2.44,"[1, 4, 8, 13]"
 328, 3  4  10  13 , 6.71, 96.5%, 7.19, 2.81,"[3, 4, 10, 13]"
 329, 2  2  5  5 , 6.72, 93.3%, 7.1, 2.49,"[2, 2, 5, 5]"
 330, 4  4  5  5 , 6.72, 93.2%, 7.16, 2.56,"[4, 4, 5, 5]"
 331, 5  6  7  7 , 6.72, 87.8%, 6.89, 2.74,"[5, 6, 7, 7]"
 332, 5  7  10  12 , 6.72, 96.8%, 7.18, 2.46,"[5, 7, 10, 12]"
 333, 1  1  2  7 , 6.73, 95.5%, 6.96, 2.06,"[1, 1, 2, 7]"
 334, 4  5  11  11 , 6.73, 87.4%, 7.23, 3.63,"[4, 5, 11, 11]"
 335, 1  5  6  6 , 6.74, 93.7%, 7.41, 3.37,"[1, 5, 6, 6]"
 336, 6  7  12  13 , 6.74, 95.5%, 7.21, 2.72,"[6, 7, 12, 13]"
 337, 6  8  10  12 , 6.74, 97.2%, 7.29, 2.78,"[6, 8, 10, 12]"
 338, 1  2  5  7 , 6.76, 95.1%, 7.1, 2.66,"[1, 2, 5, 7]"
 339, 3  3  5  6 , 6.76, 96.4%, 7.36, 2.68,"[3, 3, 5, 6]"
 340, 1  1  6  12 , 6.78, 91.1%, 7.41, 3.37,"[1, 1, 6, 12]"
 341, 1  2  11  13 , 6.78, 93.7%, 7.43, 3.09,"[1, 2, 11, 13]"
 342, 2  2  2  4 , 6.78, 96%, 7.11, 2.46,"[2, 2, 2, 4]"
 343, 2  2  2  13 , 6.78, 93.4%, 7.13, 2.73,"[2, 2, 2, 13]"
 344, 3  3  12  13 , 6.79, 93.3%, 7.23, 2.65,"[3, 3, 12, 13]"
 345, 3  4  5  7 , 6.8, 96.7%, 7.3, 2.66,"[3, 4, 5, 7]"
 346, 4  5  7  7 , 6.8, 91.1%, 7.43, 3.5,"[4, 5, 7, 7]"
 347, 5  7  11  11 , 6.8, 96.1%, 7.24, 2.67,"[5, 7, 11, 11]"
 348, 7  7  10  13 , 6.8, 89.7%, 7.1, 3.13,"[7, 7, 10, 13]"
 349, 1  1  2  9 , 6.81, 94.7%, 7.11, 2.33,"[1, 1, 2, 9]"
 350, 1  6  6  10 , 6.81, 93.5%, 7.18, 3.1,"[1, 6, 6, 10]"
 351, 2  3  12  13 , 6.81, 95.9%, 7.28, 2.64,"[2, 3, 12, 13]"
 352, 4  8  8  8 , 6.81, 94.5%, 7.19, 2.77,"[4, 8, 8, 8]"
 353, 8  9  11  12 , 6.81, 95.2%, 7.47, 3.03,"[8, 9, 11, 12]"
 354, 2  11  11  13 , 6.82, 95%, 7.33, 2.85,"[2, 11, 11, 13]"
 355, 11  12  12  13 , 6.83, 97.1%, 7.42, 2.67,"[11, 12, 12, 13]"
 356, 1  6  8  11 , 6.84, 97.8%, 7.31, 2.46,"[1, 6, 8, 11]"
 357, 2  4  4  8 , 6.84, 96.6%, 7.25, 2.66,"[2, 4, 4, 8]"
 358, 2  6  6  8 , 6.85, 95.6%, 7.45, 3,"[2, 6, 6, 8]"
 359, 4  4  4  8 , 6.85, 96.3%, 7.45, 2.86,"[4, 4, 4, 8]"
 360, 7  8  12  13 , 6.85, 96.5%, 7.34, 2.6,"[7, 8, 12, 13]"
 361, 2  4  13  13 , 6.86, 95.6%, 7.38, 2.76,"[2, 4, 13, 13]"
 362, 4  7  7  7 , 6.86, 89%, 7.06, 3.03,"[4, 7, 7, 7]"
 363, 9  11  11  11 , 6.86, 95.3%, 7.22, 2.74,"[9, 11, 11, 11]"
 364, 5  6  13  13 , 6.87, 87%, 6.96, 2.72,"[5, 6, 13, 13]"
 365, 1  3  4  4 , 6.88, 93.3%, 7.18, 3.04,"[1, 3, 4, 4]"
 366, 4  7  13  13 , 6.88, 87.6%, 7.11, 2.96,"[4, 7, 13, 13]"
 367, 7  9  13  13 , 6.88, 96.2%, 7.43, 2.77,"[7, 9, 13, 13]"
 368, 1  1  3  5 , 6.89, 95.3%, 7.21, 2.31,"[1, 1, 3, 5]"
 369, 6  9  12  12 , 6.89, 89.3%, 7.43, 3.64,"[6, 9, 12, 12]"
 370, 8  9  10  13 , 6.89, 96%, 7.4, 2.67,"[8, 9, 10, 13]"
 371, 1  1  4  9 , 6.9, 93.4%, 7.09, 2.32,"[1, 1, 4, 9]"
 372, 1  3  6  7 , 6.9, 96.1%, 7.32, 2.79,"[1, 3, 6, 7]"
 373, 1  9  10  12 , 6.9, 93.8%, 7.24, 2.76,"[1, 9, 10, 12]"
 374, 4  7  10  11 , 6.9, 97.1%, 7.43, 2.71,"[4, 7, 10, 11]"
 375, 1  3  10  11 , 6.91, 96.4%, 7.57, 3.11,"[1, 3, 10, 11]"
 376, 1  2  2  11 , 6.92, 97%, 7.47, 2.94,"[1, 2, 2, 11]"
 377, 3  3  3  10 , 6.92, 94.3%, 7.49, 3.24,"[3, 3, 3, 10]"
 378, 9  10  11  12 , 6.92, 96.1%, 7.43, 2.76,"[9, 10, 11, 12]"
 379, 1  11  12  12 , 6.93, 94.2%, 7.47, 3.14,"[1, 11, 12, 12]"
 380, 5  5  10  10 , 6.93, 86.9%, 7.25, 3.13,"[5, 5, 10, 10]"
 381, 2  5  5  13 , 6.94, 91.9%, 7.35, 2.77,"[2, 5, 5, 13]"
 382, 2  5  12  12 , 6.94, 83.5%, 7.37, 4.08,"[2, 5, 12, 12]"
 383, 2  8  12  12 , 6.94, 95.1%, 7.31, 2.62,"[2, 8, 12, 12]"
 384, 4  6  9  10 , 6.94, 93.7%, 7.48, 3.25,"[4, 6, 9, 10]"
 385, 8  9  12  13 , 6.94, 96.1%, 7.42, 2.69,"[8, 9, 12, 13]"
 386, 2  5  5  8 , 6.95, 88.1%, 7.12, 3.11,"[2, 5, 5, 8]"
 387, 3  3  3  7 , 6.95, 92.1%, 7.38, 3.15,"[3, 3, 3, 7]"
 388, 4  7  8  8 , 6.95, 94.2%, 7.36, 2.55,"[4, 7, 8, 8]"
 389, 6  8  11  11 , 6.95, 94.1%, 7.48, 3.07,"[6, 8, 11, 11]"
 390, 2  6  10  12 , 6.96, 95.2%, 7.43, 2.81,"[2, 6, 10, 12]"
 391, 3  8  8  9 , 6.96, 95.6%, 7.29, 2.52,"[3, 8, 8, 9]"
 392, 4  5  10  10 , 6.96, 91.1%, 7.29, 3.05,"[4, 5, 10, 10]"
 393, 2  2  12  13 , 6.97, 92.2%, 7.26, 2.61,"[2, 2, 12, 13]"
 394, 2  4  5  8 , 6.97, 95.1%, 7.36, 2.76,"[2, 4, 5, 8]"
 395, 8  8  10  13 , 6.97, 90.5%, 7.38, 3.09,"[8, 8, 10, 13]"
 396, 1  2  11  12 , 6.98, 96.9%, 7.68, 3.2,"[1, 2, 11, 12]"
 397, 2  6  7  13 , 6.98, 96.7%, 7.39, 2.66,"[2, 6, 7, 13]"
 398, 2  9  9  11 , 6.98, 87.4%, 6.99, 2.69,"[2, 9, 9, 11]"
 399, 11  11  12  13 , 6.98, 95%, 7.4, 2.48,"[11, 11, 12, 13]"
 400, 1  1  8  8 , 6.99, 89.6%, 7.43, 3.67,"[1, 1, 8, 8]"
 401, 1  2  6  7 , 6.99, 95.2%, 7.36, 2.55,"[1, 2, 6, 7]"
 402, 5  5  10  13 , 6.99, 89.8%, 7.34, 3.23,"[5, 5, 10, 13]"
 403, 4  4  4  12 , 7, 96.5%, 7.48, 2.95,"[4, 4, 4, 12]"
 404, 5  6  9  9 , 7, 90.6%, 7.26, 2.73,"[5, 6, 9, 9]"
 405, 2  9  9  13 , 7.01, 88.8%, 7.09, 2.52,"[2, 9, 9, 13]"
 406, 6  7  10  13 , 7.01, 96.4%, 7.53, 2.78,"[6, 7, 10, 13]"
 407, 1  8  8  11 , 7.02, 93.5%, 7.49, 3.48,"[1, 8, 8, 11]"
 408, 5  6  11  11 , 7.02, 87.2%, 7.24, 3.16,"[5, 6, 11, 11]"
 409, 1  3  7  13 , 7.03, 96.8%, 7.41, 2.62,"[1, 3, 7, 13]"
 410, 1  6  8  8 , 7.03, 93.1%, 7.34, 2.94,"[1, 6, 8, 8]"
 411, 3  6  9  9 , 7.03, 94%, 7.6, 3.25,"[3, 6, 9, 9]"
 412, 6  8  8  8 , 7.03, 88.1%, 7.43, 3.5,"[6, 8, 8, 8]"
 413, 2  6  7  12 , 7.04, 92.1%, 7.22, 2.93,"[2, 6, 7, 12]"
 414, 1  3  5  13 , 7.05, 94.2%, 7.45, 2.72,"[1, 3, 5, 13]"
 415, 1  7  7  9 , 7.05, 96.3%, 7.42, 2.83,"[1, 7, 7, 9]"
 416, 1  8  8  10 , 7.05, 92.3%, 7.38, 2.98,"[1, 8, 8, 10]"
 417, 3  6  6  12 , 7.05, 95.4%, 7.7, 2.93,"[3, 6, 6, 12]"
 418, 5  5  13  13 , 7.05, 85.6%, 7.28, 3.13,"[5, 5, 13, 13]"
 419, 8  8  9  11 , 7.05, 89.7%, 7.62, 3.69,"[8, 8, 9, 11]"
 420, 2  3  5  5 , 7.06, 96.3%, 7.57, 2.9,"[2, 3, 5, 5]"
 421, 3  7  12  13 , 7.06, 93.9%, 7.55, 3.03,"[3, 7, 12, 13]"
 422, 8  10  11  11 , 7.06, 94.8%, 7.47, 2.76,"[8, 10, 11, 11]"
 423, 2  3  3  13 , 7.07, 94.1%, 7.61, 2.93,"[2, 3, 3, 13]"
 424, 3  5  5  6 , 7.07, 89.2%, 7.32, 3.12,"[3, 5, 5, 6]"
 425, 8  8  12  13 , 7.07, 92.1%, 7.37, 2.63,"[8, 8, 12, 13]"
 426, 5  5  6  6 , 7.08, 93.1%, 7.54, 2.83,"[5, 5, 6, 6]"
 427, 1  7  8  11 , 7.09, 92.6%, 7.44, 3.09,"[1, 7, 8, 11]"
 428, 2  2  10  13 , 7.09, 90%, 7.32, 3.09,"[2, 2, 10, 13]"
 429, 3  3  4  4 , 7.09, 94.5%, 7.47, 2.7,"[3, 3, 4, 4]"
 430, 9  12  12  12 , 7.09, 82.3%, 7.12, 3.72,"[9, 12, 12, 12]"
 431, 1  3  9  11 , 7.1, 95%, 7.62, 3.11,"[1, 3, 9, 11]"
 432, 1  3  10  12 , 7.1, 96.3%, 7.56, 2.75,"[1, 3, 10, 12]"
 433, 2  5  9  12 , 7.1, 95.4%, 7.56, 2.86,"[2, 5, 9, 12]"
 434, 5  5  11  11 , 7.1, 85.9%, 7.31, 3.25,"[5, 5, 11, 11]"
 435, 1  2  2  13 , 7.11, 96.5%, 7.68, 3.12,"[1, 2, 2, 13]"
 436, 1  2  3  5 , 7.11, 95.5%, 7.41, 2.38,"[1, 2, 3, 5]"
 437, 4  8  11  12 , 7.12, 93%, 7.69, 3.17,"[4, 8, 11, 12]"
 438, 10  10  12  13 , 7.12, 92.3%, 7.45, 2.61,"[10, 10, 12, 13]"
 439, 3  4  11  12 , 7.14, 95.1%, 7.76, 3.35,"[3, 4, 11, 12]"
 440, 4  6  6  8 , 7.14, 97.3%, 7.62, 2.62,"[4, 6, 6, 8]"
 441, 1  2  7  10 , 7.15, 90.9%, 7.87, 4.06,"[1, 2, 7, 10]"
 442, 1  5  6  9 , 7.15, 92%, 7.61, 3.46,"[1, 5, 6, 9]"
 443, 1  7  10  12 , 7.15, 92.8%, 7.58, 3.07,"[1, 7, 10, 12]"
 444, 2  6  10  10 , 7.16, 95.7%, 7.65, 3.01,"[2, 6, 10, 10]"
 445, 3  8  8  12 , 7.16, 91.6%, 7.66, 3.12,"[3, 8, 8, 12]"
 446, 1  3  4  11 , 7.17, 96%, 7.69, 2.91,"[1, 3, 4, 11]"
 447, 1  10  12  13 , 7.17, 94.3%, 7.52, 2.86,"[1, 10, 12, 13]"
 448, 2  7  7  13 , 7.17, 86.2%, 7.28, 3.02,"[2, 7, 7, 13]"
 449, 1  2  4  10 , 7.18, 96.2%, 7.66, 3.16,"[1, 2, 4, 10]"
 450, 2  2  7  13 , 7.18, 96.2%, 7.62, 2.91,"[2, 2, 7, 13]"
 451, 2  8  8  8 , 7.18, 93.8%, 7.73, 3.32,"[2, 8, 8, 8]"
 452, 6  6  6  11 , 7.18, 88.7%, 7.43, 3.42,"[6, 6, 6, 11]"
 453, 4  7  12  13 , 7.19, 92.4%, 7.76, 3.39,"[4, 7, 12, 13]"
 454, 6  6  12  13 , 7.19, 90.4%, 7.61, 3.09,"[6, 6, 12, 13]"
 455, 1  5  9  9 , 7.2, 94.4%, 7.71, 3.14,"[1, 5, 9, 9]"
 456, 2  9  10  12 , 7.2, 93.9%, 7.52, 2.84,"[2, 9, 10, 12]"
 457, 3  4  5  12 , 7.2, 97%, 7.62, 2.67,"[3, 4, 5, 12]"
 458, 5  9  10  10 , 7.21, 92.8%, 7.6, 3.07,"[5, 9, 10, 10]"
 459, 4  5  11  13 , 7.22, 90.3%, 7.61, 3.26,"[4, 5, 11, 13]"
 460, 3  6  11  12 , 7.23, 93.5%, 7.72, 3.15,"[3, 6, 11, 12]"
 461, 3  7  11  12 , 7.23, 90.8%, 7.75, 3.53,"[3, 7, 11, 12]"
 462, 3  7  7  9 , 7.24, 86.5%, 7.28, 2.98,"[3, 7, 7, 9]"
 463, 5  6  11  13 , 7.24, 91.8%, 7.79, 3.36,"[5, 6, 11, 13]"
 464, 7  8  8  9 , 7.24, 86.7%, 7.65, 3.82,"[7, 8, 8, 9]"
 465, 1  3  4  5 , 7.25, 97.5%, 7.74, 2.52,"[1, 3, 4, 5]"
 466, 1  12  12  13 , 7.25, 94.2%, 7.79, 3.16,"[1, 12, 12, 13]"
 467, 4  8  10  12 , 7.25, 95.7%, 7.76, 2.88,"[4, 8, 10, 12]"
 468, 1  3  7  8 , 7.26, 89.2%, 7.46, 3.49,"[1, 3, 7, 8]"
 469, 3  9  10  11 , 7.26, 93%, 7.63, 2.93,"[3, 9, 10, 11]"
 470, 1  6  8  13 , 7.27, 94.4%, 7.72, 2.84,"[1, 6, 8, 13]"
 471, 5  10  11  11 , 7.27, 90.4%, 7.52, 2.8,"[5, 10, 11, 11]"
 472, 3  5  5  12 , 7.28, 89.2%, 7.62, 3.31,"[3, 5, 5, 12]"
 473, 3  5  13  13 , 7.28, 94.2%, 7.75, 3.07,"[3, 5, 13, 13]"
 474, 5  5  7  8 , 7.28, 92.5%, 7.73, 2.95,"[5, 5, 7, 8]"
 475, 1  6  6  9 , 7.29, 90.5%, 7.75, 3.32,"[1, 6, 6, 9]"
 476, 1  1  6  8 , 7.3, 94.8%, 7.64, 2.54,"[1, 1, 6, 8]"
 477, 2  6  7  9 , 7.3, 96%, 7.81, 3.03,"[2, 6, 7, 9]"
 478, 1  7  9  13 , 7.31, 93.7%, 7.53, 2.54,"[1, 7, 9, 13]"
 479, 2  2  3  9 , 7.31, 94.5%, 7.76, 2.89,"[2, 2, 3, 9]"
 480, 4  7  11  11 , 7.31, 86.3%, 7.43, 3.36,"[4, 7, 11, 11]"
 481, 7  9  10  12 , 7.31, 94%, 7.84, 3.19,"[7, 9, 10, 12]"
 482, 10  12  12  13 , 7.31, 90.1%, 7.75, 3.53,"[10, 12, 12, 13]"
 483, 1  8  11  12 , 7.32, 91.5%, 7.84, 3.47,"[1, 8, 11, 12]"
 484, 2  4  10  12 , 7.32, 96.7%, 7.99, 3.16,"[2, 4, 10, 12]"
 485, 1  8  9  11 , 7.33, 92.8%, 7.66, 3.09,"[1, 8, 9, 11]"
 486, 2  3  3  11 , 7.33, 89.4%, 7.57, 3.23,"[2, 3, 3, 11]"
 487, 4  5  5  8 , 7.33, 88%, 7.46, 2.93,"[4, 5, 5, 8]"
 488, 2  7  8  13 , 7.34, 94%, 7.86, 3.11,"[2, 7, 8, 13]"
 489, 3  3  9  9 , 7.34, 96%, 7.73, 2.77,"[3, 3, 9, 9]"
 490, 3  4  8  10 , 7.34, 93.5%, 7.71, 3.22,"[3, 4, 8, 10]"
 491, 3  6  6  6 , 7.34, 94.5%, 7.77, 3.18,"[3, 6, 6, 6]"
 492, 7  10  10  11 , 7.34, 93.5%, 7.68, 2.96,"[7, 10, 10, 11]"
 493, 5  5  9  9 , 7.35, 85.4%, 7.63, 3.42,"[5, 5, 9, 9]"
 494, 6  8  13  13 , 7.36, 93.2%, 7.83, 3.06,"[6, 8, 13, 13]"
 495, 3  3  4  5 , 7.37, 94%, 7.81, 3.21,"[3, 3, 4, 5]"
 496, 3  6  8  8 , 7.37, 92.8%, 7.72, 2.96,"[3, 6, 8, 8]"
 497, 4  4  5  8 , 7.37, 95.9%, 7.74, 2.56,"[4, 4, 5, 8]"
 498, 5  6  8  8 , 7.37, 92.1%, 7.73, 2.94,"[5, 6, 8, 8]"
 499, 5  8  8  10 , 7.37, 91.4%, 7.86, 3.43,"[5, 8, 8, 10]"
 500, 10  11  11  12 , 7.37, 96.8%, 7.84, 2.8,"[10, 11, 11, 12]"
 501, 1  11  12  13 , 7.38, 94%, 7.84, 3.21,"[1, 11, 12, 13]"
 502, 2  3  7  12 , 7.38, 94.8%, 7.85, 3.06,"[2, 3, 7, 12]"
 503, 3  5  6  8 , 7.39, 93.6%, 7.87, 3.21,"[3, 5, 6, 8]"
 504, 2  5  6  8 , 7.4, 95.6%, 7.96, 3.05,"[2, 5, 6, 8]"
 505, 3  9  11  11 , 7.41, 85.8%, 7.55, 3.29,"[3, 9, 11, 11]"
 506, 2  2  4  7 , 7.42, 95.2%, 8.06, 3.12,"[2, 2, 4, 7]"
 507, 5  5  10  11 , 7.44, 87.7%, 7.81, 3.51,"[5, 5, 10, 11]"
 508, 1  4  4  4 , 7.45, 95.8%, 7.91, 2.86,"[1, 4, 4, 4]"
 509, 2  10  10  11 , 7.45, 85.1%, 7.3, 2.95,"[2, 10, 10, 11]"
 510, 3  5  10  12 , 7.45, 94.8%, 8.02, 3.15,"[3, 5, 10, 12]"
 511, 5  8  12  12 , 7.45, 75.9%, 6.84, 3.58,"[5, 8, 12, 12]"
 512, 1  2  3  7 , 7.46, 96.2%, 8.15, 3.19,"[1, 2, 3, 7]"
 513, 1  7  9  9 , 7.46, 94.6%, 7.9, 3.15,"[1, 7, 9, 9]"
 514, 2  6  9  11 , 7.46, 95.7%, 7.95, 3.14,"[2, 6, 9, 11]"
 515, 3  3  10  13 , 7.46, 89.4%, 7.73, 3.49,"[3, 3, 10, 13]"
 516, 7  10  12  12 , 7.46, 84.6%, 7.64, 3.75,"[7, 10, 12, 12]"
 517, 1  2  3  9 , 7.47, 96.4%, 8, 3.11,"[1, 2, 3, 9]"
 518, 3  9  13  13 , 7.47, 86.3%, 7.64, 3.31,"[3, 9, 13, 13]"
 519, 4  4  4  7 , 7.47, 91.2%, 7.86, 3.41,"[4, 4, 4, 7]"
 520, 5  7  13  13 , 7.47, 94.3%, 7.91, 3.22,"[5, 7, 13, 13]"
 521, 2  4  8  10 , 7.48, 97.7%, 7.95, 2.62,"[2, 4, 8, 10]"
 522, 1  4  5  5 , 7.49, 95.8%, 7.95, 2.72,"[1, 4, 5, 5]"
 523, 6  6  6  9 , 7.49, 89.7%, 8.02, 3.9,"[6, 6, 6, 9]"
 524, 9  10  10  13 , 7.49, 95.3%, 7.94, 3.07,"[9, 10, 10, 13]"
 525, 1  5  5  6 , 7.5, 94.9%, 8.01, 3.07,"[1, 5, 5, 6]"
 526, 2  2  6  6 , 7.5, 95.7%, 8.01, 3.05,"[2, 2, 6, 6]"
 527, 2  6  6  6 , 7.5, 95.9%, 8.06, 3.07,"[2, 6, 6, 6]"
 528, 4  8  12  13 , 7.5, 91.8%, 8.19, 3.69,"[4, 8, 12, 13]"
 529, 6  7  11  13 , 7.5, 90.1%, 7.89, 3.44,"[6, 7, 11, 13]"
 530, 1  8  9  13 , 7.51, 91.4%, 7.95, 3.59,"[1, 8, 9, 13]"
 531, 2  10  10  13 , 7.51, 90%, 7.7, 2.92,"[2, 10, 10, 13]"
 532, 3  4  4  7 , 7.51, 90.4%, 7.93, 3.43,"[3, 4, 4, 7]"
 533, 4  7  9  9 , 7.51, 86.5%, 7.62, 3.19,"[4, 7, 9, 9]"
 534, 1  2  2  4 , 7.52, 95.5%, 7.83, 2.42,"[1, 2, 2, 4]"
 535, 2  6  6  13 , 7.52, 84.9%, 7.55, 3.14,"[2, 6, 6, 13]"
 536, 2  2  7  8 , 7.53, 93.7%, 7.86, 2.97,"[2, 2, 7, 8]"
 537, 3  3  5  5 , 7.53, 89.4%, 7.75, 3.14,"[3, 3, 5, 5]"
 538, 1  2  4  13 , 7.54, 93.6%, 7.89, 2.96,"[1, 2, 4, 13]"
 539, 2  3  4  12 , 7.54, 94.3%, 8.09, 3.29,"[2, 3, 4, 12]"
 540, 5  10  13  13 , 7.54, 92.5%, 8, 2.8,"[5, 10, 13, 13]"
 541, 8  8  8  12 , 7.54, 88.3%, 7.94, 4.02,"[8, 8, 8, 12]"
 542, 3  5  5  7 , 7.55, 90%, 7.77, 3.16,"[3, 5, 5, 7]"
 543, 3  5  6  12 , 7.55, 93.4%, 8.08, 3.24,"[3, 5, 6, 12]"
 544, 3  7  9  10 , 7.55, 92%, 8.14, 3.5,"[3, 7, 9, 10]"
 545, 4  4  7  9 , 7.55, 93.2%, 7.97, 3.43,"[4, 4, 7, 9]"
 546, 4  4  8  8 , 7.55, 95.7%, 8.17, 3.21,"[4, 4, 8, 8]"
 547, 2  6  6  11 , 7.59, 83.3%, 7.39, 3.15,"[2, 6, 6, 11]"
 548, 3  6  10  12 , 7.59, 93%, 8.09, 3.43,"[3, 6, 10, 12]"
 549, 2  4  4  13 , 7.6, 85.4%, 7.74, 3.43,"[2, 4, 4, 13]"
 550, 3  4  4  12 , 7.61, 90.5%, 7.93, 3.31,"[3, 4, 4, 12]"
 551, 3  4  9  12 , 7.61, 94.6%, 8.08, 3.11,"[3, 4, 9, 12]"
 552, 2  8  12  13 , 7.62, 89.4%, 7.86, 3.53,"[2, 8, 12, 13]"
 553, 1  2  12  13 , 7.63, 96%, 8.36, 3.38,"[1, 2, 12, 13]"
 554, 2  7  8  8 , 7.63, 92.4%, 8, 3.08,"[2, 7, 8, 8]"
 555, 2  3  5  6 , 7.64, 95.1%, 8.07, 2.94,"[2, 3, 5, 6]"
 556, 2  4  5  13 , 7.64, 94.7%, 8.23, 3.3,"[2, 4, 5, 13]"
 557, 3  9  12  12 , 7.64, 90.9%, 8.21, 3.47,"[3, 9, 12, 12]"
 558, 9  11  13  13 , 7.64, 92%, 8.15, 3.18,"[9, 11, 13, 13]"
 559, 1  3  8  12 , 7.65, 96.6%, 8.16, 2.89,"[1, 3, 8, 12]"
 560, 2  6  8  11 , 7.65, 93.4%, 8.09, 3.35,"[2, 6, 8, 11]"
 561, 8  9  11  13 , 7.67, 90.7%, 8.11, 3.67,"[8, 9, 11, 13]"
 562, 2  2  2  10 , 7.68, 94.2%, 8.13, 3.32,"[2, 2, 2, 10]"
 563, 2  4  4  11 , 7.68, 84.6%, 7.69, 3.45,"[2, 4, 4, 11]"
 564, 1  4  10  11 , 7.69, 95%, 8.14, 3.18,"[1, 4, 10, 11]"
 565, 1  9  11  11 , 7.69, 89.7%, 7.82, 3.03,"[1, 9, 11, 11]"
 566, 4  8  10  11 , 7.69, 90.4%, 8.03, 3.49,"[4, 8, 10, 11]"
 567, 1  4  9  12 , 7.71, 95.9%, 8.39, 3.37,"[1, 4, 9, 12]"
 568, 2  2  4  10 , 7.72, 94.2%, 8.05, 2.91,"[2, 2, 4, 10]"
 569, 4  5  7  8 , 7.72, 95.6%, 8.23, 3.14,"[4, 5, 7, 8]"
 570, 2  6  11  13 , 7.73, 89.9%, 7.91, 3.38,"[2, 6, 11, 13]"
 571, 4  7  9  10 , 7.73, 90.6%, 8.25, 3.7,"[4, 7, 9, 10]"
 572, 2  6  8  10 , 7.74, 93.1%, 8.24, 3.44,"[2, 6, 8, 10]"
 573, 3  3  4  12 , 7.74, 95.1%, 8.39, 3.24,"[3, 3, 4, 12]"
 574, 3  6  12  12 , 7.74, 93.1%, 8.3, 3.52,"[3, 6, 12, 12]"
 575, 1  3  5  11 , 7.76, 93%, 8.07, 2.83,"[1, 3, 5, 11]"
 576, 3  4  4  9 , 7.76, 91%, 8.27, 3.32,"[3, 4, 4, 9]"
 577, 5  6  7  8 , 7.77, 93.7%, 8.26, 3.13,"[5, 6, 7, 8]"
 578, 5  6  10  10 , 7.77, 86.8%, 8.07, 3.81,"[5, 6, 10, 10]"
 579, 1  2  2  5 , 7.78, 94.4%, 8.04, 2.84,"[1, 2, 2, 5]"
 580, 3  3  4  7 , 7.78, 90.4%, 8.28, 3.56,"[3, 3, 4, 7]"
 581, 3  6  6  9 , 7.78, 96.2%, 8.25, 2.97,"[3, 6, 6, 9]"
 582, 6  6  10  12 , 7.78, 93.9%, 8.18, 3.08,"[6, 6, 10, 12]"
 583, 1  2  9  12 , 7.79, 92.5%, 8.37, 3.81,"[1, 2, 9, 12]"
 584, 1  6  9  13 , 7.8, 90.7%, 8.22, 4.02,"[1, 6, 9, 13]"
 585, 4  4  4  5 , 7.8, 85%, 7.84, 3.78,"[4, 4, 4, 5]"
 586, 1  2  4  11 , 7.81, 91.8%, 8.05, 2.81,"[1, 2, 4, 11]"
 587, 1  5  6  10 , 7.81, 91.5%, 8.16, 3.25,"[1, 5, 6, 10]"
 588, 5  6  6  6 , 7.83, 87.6%, 7.97, 3.48,"[5, 6, 6, 6]"
 589, 2  5  5  11 , 7.85, 82.9%, 7.7, 3.41,"[2, 5, 5, 11]"
 590, 3  5  8  11 , 7.85, 89.6%, 8.13, 3.49,"[3, 5, 8, 11]"
 591, 1  4  4  10 , 7.86, 92.1%, 8.08, 3.39,"[1, 4, 4, 10]"
 592, 1  4  8  11 , 7.86, 95.4%, 8.3, 2.88,"[1, 4, 8, 11]"
 593, 3  4  12  13 , 7.86, 93.3%, 8.45, 3.7,"[3, 4, 12, 13]"
 594, 5  6  10  11 , 7.86, 90.3%, 8.19, 3.51,"[5, 6, 10, 11]"
 595, 6  6  7  10 , 7.86, 84.2%, 7.9, 4.08,"[6, 6, 7, 10]"
 596, 6  6  9  12 , 7.86, 91.9%, 8.15, 3.34,"[6, 6, 9, 12]"
 597, 8  11  12  12 , 7.86, 77.7%, 7.29, 3.56,"[8, 11, 12, 12]"
 598, 5  8  8  9 , 7.87, 87.1%, 8.1, 3.91,"[5, 8, 8, 9]"
 599, 1  2  6  9 , 7.88, 94.4%, 8.44, 3.57,"[1, 2, 6, 9]"
 600, 2  2  9  11 , 7.88, 91.6%, 8.19, 3.29,"[2, 2, 9, 11]"
 601, 2  7  7  11 , 7.88, 86.4%, 7.91, 3.68,"[2, 7, 7, 11]"
 602, 2  2  4  8 , 7.89, 95.8%, 8.41, 3.06,"[2, 2, 4, 8]"
 603, 3  6  10  10 , 7.89, 85.5%, 7.87, 3.68,"[3, 6, 10, 10]"
 604, 2  4  6  10 , 7.9, 93.8%, 8.33, 3.37,"[2, 4, 6, 10]"
 605, 3  9  10  10 , 7.9, 84.8%, 7.81, 3.48,"[3, 9, 10, 10]"
 606, 3  12  12  12 , 7.9, 90.9%, 8.22, 3.43,"[3, 12, 12, 12]"
 607, 4  5  10  11 , 7.9, 88.2%, 8.34, 4.2,"[4, 5, 10, 11]"
 608, 1  4  4  9 , 7.92, 94.1%, 8.32, 3.38,"[1, 4, 4, 9]"
 609, 2  2  6  12 , 7.92, 94.2%, 8.52, 3.49,"[2, 2, 6, 12]"
 610, 3  6  7  9 , 7.92, 92.9%, 8.38, 3.5,"[3, 6, 7, 9]"
 611, 10  12  13  13 , 7.92, 94.3%, 8.4, 2.95,"[10, 12, 13, 13]"
 612, 3  3  8  9 , 7.93, 88.7%, 8.3, 3.87,"[3, 3, 8, 9]"
 613, 2  2  3  3 , 7.94, 93.3%, 8.29, 3.24,"[2, 2, 3, 3]"
 614, 4  6  8  9 , 7.94, 93.3%, 8.41, 3.44,"[4, 6, 8, 9]"
 615, 6  7  8  10 , 7.94, 91.6%, 8.46, 3.59,"[6, 7, 8, 10]"
 616, 3  4  5  5 , 7.95, 94%, 8.65, 3.72,"[3, 4, 5, 5]"
 617, 3  4  7  9 , 7.95, 93.2%, 8.41, 3.75,"[3, 4, 7, 9]"
 618, 3  7  12  12 , 7.95, 91.2%, 8.29, 3.45,"[3, 7, 12, 12]"
 619, 4  5  8  9 , 7.95, 89.2%, 8.37, 4.07,"[4, 5, 8, 9]"
 620, 7  8  11  13 , 7.95, 90.3%, 8.49, 3.83,"[7, 8, 11, 13]"
 621, 1  4  6  11 , 7.96, 92.4%, 8.27, 3.22,"[1, 4, 6, 11]"
 622, 3  12  12  13 , 7.96, 92.6%, 8.34, 3.28,"[3, 12, 12, 13]"
 623, 4  8  9  10 , 7.96, 88.9%, 8.18, 3.37,"[4, 8, 9, 10]"
 624, 2  3  5  11 , 7.97, 94.9%, 8.5, 3.31,"[2, 3, 5, 11]"
 625, 8  10  13  13 , 7.97, 92.5%, 8.34, 3.33,"[8, 10, 13, 13]"
 626, 2  5  6  13 , 7.98, 91.5%, 8.46, 3.63,"[2, 5, 6, 13]"
 627, 5  8  8  13 , 7.98, 92.6%, 8.38, 3.67,"[5, 8, 8, 13]"
 628, 2  3  3  6 , 7.99, 96.2%, 8.47, 2.94,"[2, 3, 3, 6]"
 629, 1  2  5  9 , 8, 95%, 8.5, 3.11,"[1, 2, 5, 9]"
 630, 3  4  10  12 , 8.01, 92.5%, 8.38, 3.49,"[3, 4, 10, 12]"
 631, 1  3  6  9 , 8.03, 92.9%, 8.56, 3.26,"[1, 3, 6, 9]"
 632, 3  7  10  11 , 8.03, 90.6%, 8.28, 3.36,"[3, 7, 10, 11]"
 633, 3  9  12  13 , 8.03, 89.8%, 8.52, 3.98,"[3, 9, 12, 13]"
 634, 2  3  4  8 , 8.07, 92.6%, 8.79, 4.02,"[2, 3, 4, 8]"
 635, 4  4  6  12 , 8.07, 93.9%, 8.78, 3.83,"[4, 4, 6, 12]"
 636, 10  11  12  13 , 8.07, 95.8%, 8.67, 3.49,"[10, 11, 12, 13]"
 637, 4  10  12  12 , 8.08, 92.1%, 8.52, 3.38,"[4, 10, 12, 12]"
 638, 4  8  8  9 , 8.09, 92.3%, 8.32, 3.07,"[4, 8, 8, 9]"
 639, 2  7  8  11 , 8.1, 94.7%, 8.64, 3.6,"[2, 7, 8, 11]"
 640, 2  8  8  9 , 8.1, 90.4%, 8.41, 3.39,"[2, 8, 8, 9]"
 641, 3  5  8  8 , 8.1, 92.1%, 8.5, 3.83,"[3, 5, 8, 8]"
 642, 4  7  9  12 , 8.1, 94.9%, 8.59, 3.28,"[4, 7, 9, 12]"
 643, 8  10  10  12 , 8.1, 94.3%, 8.58, 3.43,"[8, 10, 10, 12]"
 644, 2  4  8  8 , 8.12, 93.8%, 8.76, 4.1,"[2, 4, 8, 8]"
 645, 2  4  9  13 , 8.12, 93.6%, 8.51, 3.53,"[2, 4, 9, 13]"
 646, 4  5  9  10 , 8.12, 90.7%, 8.48, 3.61,"[4, 5, 9, 10]"
 647, 2  2  3  7 , 8.13, 88.2%, 8.46, 3.8,"[2, 2, 3, 7]"
 648, 1  5  9  10 , 8.14, 93.5%, 8.64, 3.79,"[1, 5, 9, 10]"
 649, 2  7  11  12 , 8.14, 91.6%, 8.52, 3.46,"[2, 7, 11, 12]"
 650, 2  8  9  13 , 8.14, 90.2%, 8.42, 3.61,"[2, 8, 9, 13]"
 651, 3  7  8  12 , 8.14, 95.1%, 8.66, 3.25,"[3, 7, 8, 12]"
 652, 2  5  6  7 , 8.15, 92.5%, 8.61, 3.68,"[2, 5, 6, 7]"
 653, 3  4  9  11 , 8.15, 89.8%, 8.42, 4.02,"[3, 4, 9, 11]"
 654, 1  1  7  10 , 8.16, 85.1%, 8.24, 4.3,"[1, 1, 7, 10]"
 655, 1  4  9  11 , 8.16, 94.3%, 8.79, 3.69,"[1, 4, 9, 11]"
 656, 1  4  5  11 , 8.17, 90.7%, 8.46, 3.92,"[1, 4, 5, 11]"
 657, 3  5  6  6 , 8.17, 92.1%, 8.69, 3.63,"[3, 5, 6, 6]"
 658, 2  7  9  10 , 8.18, 93.9%, 8.55, 3.2,"[2, 7, 9, 10]"
 659, 2  8  9  10 , 8.18, 88.8%, 8.39, 3.82,"[2, 8, 9, 10]"
 660, 3  6  9  10 , 8.18, 92.4%, 8.53, 3.6,"[3, 6, 9, 10]"
 661, 4  6  8  12 , 8.18, 94.2%, 8.8, 3.49,"[4, 6, 8, 12]"
 662, 2  4  8  12 , 8.19, 93.9%, 8.91, 4.2,"[2, 4, 8, 12]"
 663, 1  3  6  13 , 8.2, 91.9%, 8.43, 3.17,"[1, 3, 6, 13]"
 664, 1  3  4  13 , 8.21, 94.2%, 8.77, 3.66,"[1, 3, 4, 13]"
 665, 1  8  11  13 , 8.21, 88.3%, 8.31, 3.55,"[1, 8, 11, 13]"
 666, 5  5  8  9 , 8.22, 89.6%, 8.67, 3.9,"[5, 5, 8, 9]"
 667, 9  10  12  13 , 8.22, 93.6%, 8.81, 3.61,"[9, 10, 12, 13]"
 668, 2  4  8  11 , 8.24, 92.7%, 8.55, 3.65,"[2, 4, 8, 11]"
 669, 1  5  5  13 , 8.25, 93.2%, 8.43, 3.24,"[1, 5, 5, 13]"
 670, 2  2  4  11 , 8.25, 91.6%, 8.64, 3.69,"[2, 2, 4, 11]"
 671, 6  8  8  10 , 8.26, 91.1%, 8.72, 4.04,"[6, 8, 8, 10]"
 672, 4  4  10  12 , 8.27, 90.6%, 8.62, 3.97,"[4, 4, 10, 12]"
 673, 1  6  11  12 , 8.29, 88.7%, 8.27, 2.97,"[1, 6, 11, 12]"
 674, 2  2  6  10 , 8.29, 95.2%, 8.72, 3.06,"[2, 2, 6, 10]"
 675, 5  8  9  11 , 8.29, 89.9%, 8.55, 3.7,"[5, 8, 9, 11]"
 676, 5  5  8  8 , 8.31, 84.7%, 8.47, 3.94,"[5, 5, 8, 8]"
 677, 5  6  9  10 , 8.31, 90.8%, 8.82, 3.82,"[5, 6, 9, 10]"
 678, 5  8  11  13 , 8.31, 88.6%, 8.41, 3.41,"[5, 8, 11, 13]"
 679, 1  3  4  9 , 8.33, 94.5%, 8.8, 3.78,"[1, 3, 4, 9]"
 680, 6  6  7  9 , 8.33, 90.8%, 8.7, 3.73,"[6, 6, 7, 9]"
 681, 2  5  10  11 , 8.34, 94.2%, 8.94, 3.56,"[2, 5, 10, 11]"
 682, 2  8  8  11 , 8.34, 84%, 8.07, 3.45,"[2, 8, 8, 11]"
 683, 1  2  8  9 , 8.35, 93.3%, 8.93, 3.47,"[1, 2, 8, 9]"
 684, 3  4  5  10 , 8.35, 90.4%, 8.71, 4.01,"[3, 4, 5, 10]"
 685, 1  3  12  12 , 8.36, 85.6%, 8.64, 4.8,"[1, 3, 12, 12]"
 686, 2  4  4  4 , 8.36, 94.6%, 8.81, 3.21,"[2, 4, 4, 4]"
 687, 3  4  7  10 , 8.37, 93.4%, 8.65, 3.49,"[3, 4, 7, 10]"
 688, 4  4  8  11 , 8.38, 86.8%, 8.38, 3.72,"[4, 4, 8, 11]"
 689, 3  6  8  9 , 8.41, 93.9%, 8.83, 3.19,"[3, 6, 8, 9]"
 690, 1  2  2  7 , 8.42, 91.6%, 8.76, 3.37,"[1, 2, 2, 7]"
 691, 2  9  10  11 , 8.42, 88.8%, 8.35, 3.31,"[2, 9, 10, 11]"
 692, 6  8  10  13 , 8.42, 86.7%, 8.49, 3.69,"[6, 8, 10, 13]"
 693, 4  7  8  9 , 8.44, 92.1%, 8.83, 3.73,"[4, 7, 8, 9]"
 694, 1  4  9  10 , 8.45, 93.4%, 8.92, 3.7,"[1, 4, 9, 10]"
 695, 2  3  3  7 , 8.45, 92.1%, 8.9, 3.71,"[2, 3, 3, 7]"
 696, 4  4  7  12 , 8.45, 89.3%, 8.82, 4.14,"[4, 4, 7, 12]"
 697, 1  2  6  13 , 8.46, 90.7%, 8.93, 3.94,"[1, 2, 6, 13]"
 698, 1  6  10  13 , 8.47, 87.8%, 8.68, 4.08,"[1, 6, 10, 13]"
 699, 5  6  10  13 , 8.47, 91.3%, 9.13, 4.24,"[5, 6, 10, 13]"
 700, 1  6  12  13 , 8.48, 89.3%, 8.53, 3.29,"[1, 6, 12, 13]"
 701, 3  3  7  11 , 8.48, 92.1%, 8.78, 3.57,"[3, 3, 7, 11]"
 702, 6  6  8  9 , 8.48, 90.4%, 8.76, 3.5,"[6, 6, 8, 9]"
 703, 2  9  12  13 , 8.49, 90.6%, 8.87, 3.86,"[2, 9, 12, 13]"
 704, 3  3  8  12 , 8.49, 91.5%, 9.03, 3.91,"[3, 3, 8, 12]"
 705, 4  4  4  9 , 8.49, 88.3%, 8.51, 4,"[4, 4, 4, 9]"
 706, 4  4  6  11 , 8.49, 86.5%, 8.57, 4.41,"[4, 4, 6, 11]"
 707, 2  4  7  10 , 8.51, 91.2%, 8.76, 3.84,"[2, 4, 7, 10]"
 708, 3  11  12  12 , 8.51, 90.9%, 8.78, 3.3,"[3, 11, 12, 12]"
 709, 6  8  8  11 , 8.51, 87.7%, 8.7, 3.91,"[6, 8, 8, 11]"
 710, 2  4  6  6 , 8.52, 94.2%, 9.28, 3.97,"[2, 4, 6, 6]"
 711, 6  6  9  11 , 8.52, 88.8%, 8.94, 4.07,"[6, 6, 9, 11]"
 712, 5  7  8  8 , 8.54, 82.8%, 8.49, 4.69,"[5, 7, 8, 8]"
 713, 1  2  7  8 , 8.55, 94.4%, 9.08, 3.56,"[1, 2, 7, 8]"
 714, 1  3  4  10 , 8.55, 92.9%, 8.82, 3.38,"[1, 3, 4, 10]"
 715, 1  11  13  13 , 8.55, 91.4%, 8.91, 3.78,"[1, 11, 13, 13]"
 716, 2  9  10  13 , 8.55, 90.2%, 9.15, 4.09,"[2, 9, 10, 13]"
 717, 2  2  3  13 , 8.56, 87.5%, 8.58, 3.62,"[2, 2, 3, 13]"
 718, 2  10  11  13 , 8.56, 89.5%, 8.61, 3.44,"[2, 10, 11, 13]"
 719, 3  6  7  12 , 8.56, 89.9%, 8.84, 3.77,"[3, 6, 7, 12]"
 720, 1  2  3  3 , 8.57, 95.7%, 8.92, 2.97,"[1, 2, 3, 3]"
 721, 2  3  10  13 , 8.57, 93.5%, 9.07, 3.95,"[2, 3, 10, 13]"
 722, 1  2  3  11 , 8.6, 95.8%, 9.02, 3.4,"[1, 2, 3, 11]"
 723, 2  6  6  10 , 8.6, 94.1%, 9.05, 3.63,"[2, 6, 6, 10]"
 724, 2  8  11  12 , 8.61, 88.2%, 8.83, 4.17,"[2, 8, 11, 12]"
 725, 3  7  7  13 , 8.61, 93.6%, 8.89, 3.16,"[3, 7, 7, 13]"
 726, 4  5  6  7 , 8.61, 90.2%, 9.01, 3.84,"[4, 5, 6, 7]"
 727, 4  5  8  12 , 8.61, 93.4%, 9.12, 3.71,"[4, 5, 8, 12]"
 728, 2  2  4  13 , 8.62, 91.2%, 9.13, 4.15,"[2, 2, 4, 13]"
 729, 2  4  7  11 , 8.62, 92.6%, 8.99, 3.8,"[2, 4, 7, 11]"
 730, 1  2  5  13 , 8.63, 94.3%, 9.19, 3.68,"[1, 2, 5, 13]"
 731, 1  2  9  13 , 8.64, 93.4%, 9.26, 4.15,"[1, 2, 9, 13]"
 732, 7  8  8  11 , 8.64, 80.7%, 8.26, 4.55,"[7, 8, 8, 11]"
 733, 4  4  4  11 , 8.65, 86.2%, 8.84, 4.63,"[4, 4, 4, 11]"
 734, 4  4  9  11 , 8.65, 82.3%, 8.33, 4.42,"[4, 4, 9, 11]"
 735, 1  4  6  7 , 8.66, 87.2%, 8.92, 4.61,"[1, 4, 6, 7]"
 736, 2  4  6  9 , 8.66, 91.8%, 9.11, 4.17,"[2, 4, 6, 9]"
 737, 2  4  9  9 , 8.66, 90.1%, 8.79, 3.83,"[2, 4, 9, 9]"
 738, 2  6  7  8 , 8.66, 89.7%, 9.05, 3.93,"[2, 6, 7, 8]"
 739, 4  6  10  12 , 8.67, 93.8%, 9.24, 3.96,"[4, 6, 10, 12]"
 740, 2  2  8  10 , 8.68, 94.4%, 9.28, 3.26,"[2, 2, 8, 10]"
 741, 6  8  9  13 , 8.7, 93.9%, 9.36, 3.96,"[6, 8, 9, 13]"
 742, 1  3  9  13 , 8.71, 93.8%, 9.32, 4.14,"[1, 3, 9, 13]"
 743, 1  3  4  7 , 8.72, 95.1%, 9.52, 3.85,"[1, 3, 4, 7]"
 744, 2  4  10  13 , 8.72, 88.9%, 9.09, 4.42,"[2, 4, 10, 13]"
 745, 2  9  11  11 , 8.72, 89.3%, 9.11, 4.02,"[2, 9, 11, 11]"
 746, 4  8  9  11 , 8.74, 93%, 9.25, 3.94,"[4, 8, 9, 11]"
 747, 2  3  7  11 , 8.75, 92%, 9.15, 4.21,"[2, 3, 7, 11]"
 748, 6  6  8  11 , 8.75, 82.8%, 8.49, 4.47,"[6, 6, 8, 11]"
 749, 2  8  9  11 , 8.76, 90.6%, 9.15, 3.81,"[2, 8, 9, 11]"
 750, 3  4  7  7 , 8.76, 94.1%, 9.45, 3.81,"[3, 4, 7, 7]"
 751, 6  6  8  10 , 8.76, 90.2%, 9.04, 4.06,"[6, 6, 8, 10]"
 752, 3  9  9  10 , 8.77, 86.6%, 8.79, 3.8,"[3, 9, 9, 10]"
 753, 5  5  9  10 , 8.77, 86.8%, 9.11, 4.34,"[5, 5, 9, 10]"
 754, 2  5  7  10 , 8.79, 92.1%, 9.21, 3.74,"[2, 5, 7, 10]"
 755, 4  5  9  13 , 8.79, 89.3%, 9.43, 4.82,"[4, 5, 9, 13]"
 756, 2  3  5  9 , 8.8, 92.2%, 9.34, 4.32,"[2, 3, 5, 9]"
 757, 4  5  8  8 , 8.8, 86.4%, 8.8, 4.05,"[4, 5, 8, 8]"
 758, 9  10  11  13 , 8.8, 89.8%, 9.08, 3.79,"[9, 10, 11, 13]"
 759, 1  2  6  11 , 8.81, 90.1%, 9.29, 4.31,"[1, 2, 6, 11]"
 760, 1  3  8  8 , 8.82, 86.7%, 9.07, 4.56,"[1, 3, 8, 8]"
 761, 4  11  12  13 , 8.82, 91.3%, 9.24, 3.87,"[4, 11, 12, 13]"
 762, 4  4  8  10 , 8.84, 91.4%, 9.16, 4.34,"[4, 4, 8, 10]"
 763, 3  10  11  12 , 8.85, 89.4%, 9.04, 3.71,"[3, 10, 11, 12]"
 764, 6  8  12  12 , 8.86, 91.5%, 9.57, 4.29,"[6, 8, 12, 12]"
 765, 3  7  10  13 , 8.88, 88.4%, 9.33, 4.69,"[3, 7, 10, 13]"
 766, 4  8  8  12 , 8.88, 94.6%, 9.47, 3.92,"[4, 8, 8, 12]"
 767, 3  5  9  12 , 8.9, 89.9%, 9.17, 4,"[3, 5, 9, 12]"
 768, 1  2  4  5 , 8.91, 90.6%, 9.33, 4.21,"[1, 2, 4, 5]"
 769, 4  12  12  12 , 8.91, 86.1%, 9.23, 4.75,"[4, 12, 12, 12]"
 770, 5  6  6  10 , 8.91, 89%, 9.12, 3.85,"[5, 6, 6, 10]"
 771, 7  8  10  13 , 8.91, 92.2%, 9.44, 4.1,"[7, 8, 10, 13]"
 772, 2  3  4  13 , 8.92, 91%, 9.26, 3.93,"[2, 3, 4, 13]"
 773, 3  4  4  5 , 8.92, 91.1%, 9.24, 4,"[3, 4, 4, 5]"
 774, 1  1  3  10 , 8.93, 88.3%, 8.94, 3.87,"[1, 1, 3, 10]"
 775, 1  4  5  10 , 8.93, 91.2%, 9.06, 3.62,"[1, 4, 5, 10]"
 776, 1  4  6  9 , 8.93, 86.1%, 8.81, 4,"[1, 4, 6, 9]"
 777, 1  5  5  9 , 8.93, 88.5%, 9.08, 3.7,"[1, 5, 5, 9]"
 778, 3  5  6  9 , 8.93, 92.6%, 9.36, 3.68,"[3, 5, 6, 9]"
 779, 4  4  8  13 , 8.93, 86.8%, 8.88, 4.24,"[4, 4, 8, 13]"
 780, 2  2  5  6 , 8.95, 88.7%, 9.27, 4.45,"[2, 2, 5, 6]"
 781, 2  5  8  13 , 8.96, 92.9%, 9.46, 3.91,"[2, 5, 8, 13]"
 782, 1  3  5  10 , 8.97, 93.3%, 9.46, 3.7,"[1, 3, 5, 10]"
 783, 1  3  3  10 , 8.98, 89.8%, 9.08, 4.1,"[1, 3, 3, 10]"
 784, 1  2  4  9 , 8.99, 90.7%, 9.32, 3.91,"[1, 2, 4, 9]"
 785, 2  2  3  6 , 9, 91.7%, 9.32, 4.03,"[2, 2, 3, 6]"
 786, 2  11  12  13 , 9, 89.7%, 9.4, 4,"[2, 11, 12, 13]"
 787, 2  2  5  7 , 9.01, 89%, 9.08, 3.68,"[2, 2, 5, 7]"
 788, 4  5  5  9 , 9.01, 91.3%, 9.33, 3.87,"[4, 5, 5, 9]"
 789, 3  6  12  13 , 9.02, 86.4%, 8.97, 4.33,"[3, 6, 12, 13]"
 790, 2  3  9  9 , 9.03, 90.6%, 9.42, 4,"[2, 3, 9, 9]"
 791, 3  5  6  7 , 9.03, 89.5%, 9.06, 3.81,"[3, 5, 6, 7]"
 792, 3  9  10  12 , 9.03, 90.4%, 9.25, 3.67,"[3, 9, 10, 12]"
 793, 5  5  6  7 , 9.06, 90.9%, 9.51, 4.1,"[5, 5, 6, 7]"
 794, 6  6  6  12 , 9.08, 89.5%, 9.3, 4.54,"[6, 6, 6, 12]"
 795, 4  7  10  10 , 9.09, 83.8%, 8.83, 4.15,"[4, 7, 10, 10]"
 796, 6  6  8  13 , 9.09, 83.3%, 8.81, 4.32,"[6, 6, 8, 13]"
 797, 6  8  11  13 , 9.1, 86.2%, 9.42, 4.48,"[6, 8, 11, 13]"
 798, 8  8  9  13 , 9.1, 81.2%, 8.67, 4.71,"[8, 8, 9, 13]"
 799, 1  5  9  11 , 9.11, 93.1%, 9.57, 3.93,"[1, 5, 9, 11]"
 800, 1  5  6  8 , 9.12, 90.2%, 9.2, 3.89,"[1, 5, 6, 8]"
 801, 2  10  11  11 , 9.13, 86.2%, 9.08, 3.94,"[2, 10, 11, 11]"
 802, 5  10  10  12 , 9.13, 87%, 9.11, 3.59,"[5, 10, 10, 12]"
 803, 2  3  6  10 , 9.14, 92.3%, 9.38, 3.77,"[2, 3, 6, 10]"
 804, 2  2  3  11 , 9.15, 86.1%, 9.17, 4.17,"[2, 2, 3, 11]"
 805, 3  4  7  11 , 9.15, 87.3%, 9.17, 4.64,"[3, 4, 7, 11]"
 806, 4  4  5  10 , 9.15, 86.1%, 9.2, 4.74,"[4, 4, 5, 10]"
 807, 2  2  5  11 , 9.16, 87.5%, 9.47, 4.41,"[2, 2, 5, 11]"
 808, 2  5  8  9 , 9.18, 92.6%, 9.46, 3.71,"[2, 5, 8, 9]"
 809, 1  3  5  7 , 9.2, 89.9%, 9.46, 4.1,"[1, 3, 5, 7]"
 810, 1  5  10  13 , 9.2, 88.6%, 9.22, 3.46,"[1, 5, 10, 13]"
 811, 2  3  4  11 , 9.2, 88.3%, 9.36, 4.16,"[2, 3, 4, 11]"
 812, 3  5  5  9 , 9.2, 83.4%, 8.89, 4.02,"[3, 5, 5, 9]"
 813, 2  8  8  10 , 9.22, 92.8%, 9.45, 3.77,"[2, 8, 8, 10]"
 814, 5  7  8  9 , 9.23, 88.9%, 9.53, 4.21,"[5, 7, 8, 9]"
 815, 3  7  8  9 , 9.24, 87%, 9.25, 3.89,"[3, 7, 8, 9]"
 816, 8  8  8  13 , 9.24, 84.7%, 9.22, 4.31,"[8, 8, 8, 13]"
 817, 4  7  7  11 , 9.25, 87.6%, 9.55, 4.54,"[4, 7, 7, 11]"
 818, 2  3  8  12 , 9.26, 93.1%, 9.75, 3.79,"[2, 3, 8, 12]"
 819, 3  3  6  11 , 9.26, 90.3%, 9.69, 4.44,"[3, 3, 6, 11]"
 820, 7  12  12  13 , 9.27, 82.6%, 9, 4.2,"[7, 12, 12, 13]"
 821, 4  5  10  13 , 9.28, 91.1%, 9.73, 4.39,"[4, 5, 10, 13]"
 822, 5  6  7  12 , 9.29, 84.6%, 9.23, 4.34,"[5, 6, 7, 12]"
 823, 3  4  6  12 , 9.3, 93.4%, 9.85, 3.97,"[3, 4, 6, 12]"
 824, 1  1  4  10 , 9.32, 85.3%, 9.21, 5.03,"[1, 1, 4, 10]"
 825, 2  2  6  8 , 9.32, 95.5%, 9.76, 3.59,"[2, 2, 6, 8]"
 826, 2  3  4  4 , 9.32, 94.2%, 9.73, 3.6,"[2, 3, 4, 4]"
 827, 1  2  7  9 , 9.34, 93.3%, 9.8, 3.84,"[1, 2, 7, 9]"
 828, 2  3  3  9 , 9.36, 93.2%, 9.8, 3.83,"[2, 3, 3, 9]"
 829, 3  9  11  12 , 9.37, 90.2%, 9.83, 4.4,"[3, 9, 11, 12]"
 830, 1  9  11  13 , 9.38, 87.9%, 9.56, 4.09,"[1, 9, 11, 13]"
 831, 5  8  9  12 , 9.4, 92.3%, 9.84, 3.99,"[5, 8, 9, 12]"
 832, 5  11  12  12 , 9.4, 82.6%, 9.02, 4.17,"[5, 11, 12, 12]"
 833, 3  7  7  10 , 9.41, 89.2%, 9.68, 4.3,"[3, 7, 7, 10]"
 834, 4  5  7  12 , 9.41, 87.6%, 9.33, 3.91,"[4, 5, 7, 12]"
 835, 3  3  3  9 , 9.42, 84.2%, 9.41, 4.82,"[3, 3, 3, 9]"
 836, 3  4  5  9 , 9.43, 85.1%, 9.27, 4.5,"[3, 4, 5, 9]"
 837, 3  3  4  9 , 9.44, 92.2%, 9.76, 3.82,"[3, 3, 4, 9]"
 838, 2  4  4  7 , 9.45, 89.5%, 9.62, 4.32,"[2, 4, 4, 7]"
 839, 4  5  5  7 , 9.45, 82.6%, 9.11, 4.26,"[4, 5, 5, 7]"
 840, 5  9  9  11 , 9.47, 89.4%, 9.73, 3.9,"[5, 9, 9, 11]"
 841, 3  8  9  12 , 9.49, 90%, 9.91, 4.43,"[3, 8, 9, 12]"
 842, 3  4  6  10 , 9.52, 89.9%, 10, 4.78,"[3, 4, 6, 10]"
 843, 6  6  6  8 , 9.52, 91.3%, 9.85, 4.26,"[6, 6, 6, 8]"
 844, 1  6  9  10 , 9.53, 91.9%, 9.78, 3.77,"[1, 6, 9, 10]"
 845, 2  5  6  10 , 9.53, 88%, 9.58, 4.48,"[2, 5, 6, 10]"
 846, 2  7  9  13 , 9.54, 87.3%, 9.83, 4.85,"[2, 7, 9, 13]"
 847, 2  6  8  8 , 9.55, 92.6%, 9.92, 4.09,"[2, 6, 8, 8]"
 848, 2  3  6  11 , 9.56, 90.3%, 9.92, 4.44,"[2, 3, 6, 11]"
 849, 4  7  11  12 , 9.57, 86.3%, 9.73, 4.77,"[4, 7, 11, 12]"
 850, 4  7  8  13 , 9.58, 90.8%, 10.07, 4.38,"[4, 7, 8, 13]"
 851, 2  3  8  11 , 9.59, 92.6%, 10.17, 4.07,"[2, 3, 8, 11]"
 852, 5  6  8  9 , 9.6, 90%, 9.88, 4.37,"[5, 6, 8, 9]"
 853, 2  4  5  9 , 9.61, 86.4%, 9.65, 4.67,"[2, 4, 5, 9]"
 854, 3  3  5  9 , 9.61, 87.1%, 9.59, 3.97,"[3, 3, 5, 9]"
 855, 4  5  7  11 , 9.61, 87.3%, 9.81, 4.95,"[4, 5, 7, 11]"
 856, 2  2  4  9 , 9.64, 90.6%, 9.92, 4.31,"[2, 2, 4, 9]"
 857, 6  6  8  12 , 9.64, 90.9%, 10, 4.3,"[6, 6, 8, 12]"
 858, 1  7  12  12 , 9.65, 80.3%, 8.89, 4.36,"[1, 7, 12, 12]"
 859, 3  3  6  9 , 9.65, 94.3%, 10.32, 4.11,"[3, 3, 6, 9]"
 860, 3  5  9  13 , 9.65, 91.3%, 9.98, 4.05,"[3, 5, 9, 13]"
 861, 3  7  8  13 , 9.65, 84.1%, 9.6, 4.87,"[3, 7, 8, 13]"
 862, 4  4  5  7 , 9.68, 85.1%, 9.39, 4.47,"[4, 4, 5, 7]"
 863, 4  9  12  12 , 9.73, 89.5%, 10.2, 4.37,"[4, 9, 12, 12]"
 864, 3  3  7  9 , 9.74, 90.6%, 9.92, 3.76,"[3, 3, 7, 9]"
 865, 1  5  6  13 , 9.76, 90.3%, 10.1, 4.64,"[1, 5, 6, 13]"
 866, 2  3  4  10 , 9.76, 91.9%, 10.21, 4.23,"[2, 3, 4, 10]"
 867, 2  4  6  13 , 9.77, 87.4%, 10.06, 5.05,"[2, 4, 6, 13]"
 868, 3  8  8  11 , 9.77, 89.7%, 9.93, 4.56,"[3, 8, 8, 11]"
 869, 1  5  5  11 , 9.79, 88%, 9.89, 4.15,"[1, 5, 5, 11]"
 870, 6  6  8  8 , 9.8, 85.9%, 9.67, 4.41,"[6, 6, 8, 8]"
 871, 5  6  9  12 , 9.81, 87.3%, 9.86, 4.29,"[5, 6, 9, 12]"
 872, 2  3  9  13 , 9.82, 87.6%, 10.1, 5.27,"[2, 3, 9, 13]"
 873, 4  9  9  10 , 9.82, 89.9%, 10.07, 4.08,"[4, 9, 9, 10]"
 874, 2  4  5  11 , 9.83, 87.3%, 10.04, 4.7,"[2, 4, 5, 11]"
 875, 6  7  9  12 , 9.84, 86.8%, 9.74, 4.74,"[6, 7, 9, 12]"
 876, 3  3  3  5 , 9.85, 85.7%, 9.55, 4.04,"[3, 3, 3, 5]"
 877, 6  9  10  11 , 9.87, 91.5%, 10.2, 4.1,"[6, 9, 10, 11]"
 878, 6  12  13  13 , 9.89, 87.4%, 9.95, 3.83,"[6, 12, 13, 13]"
 879, 1  7  9  10 , 9.93, 86.9%, 9.86, 3.94,"[1, 7, 9, 10]"
 880, 2  2  2  5 , 9.93, 78.6%, 9.07, 4.76,"[2, 2, 2, 5]"
 881, 5  7  9  13 , 9.94, 91%, 10.38, 4.07,"[5, 7, 9, 13]"
 882, 1  2  5  10 , 9.95, 91.7%, 10.15, 4.01,"[1, 2, 5, 10]"
 883, 4  4  6  13 , 9.96, 82.7%, 9.49, 5.05,"[4, 4, 6, 13]"
 884, 3  3  6  10 , 9.97, 86.4%, 9.81, 4.24,"[3, 3, 6, 10]"
 885, 6  11  11  12 , 9.98, 86.4%, 9.87, 3.99,"[6, 11, 11, 12]"
 886, 3  6  9  11 , 9.99, 86.7%, 9.89, 4.63,"[3, 6, 9, 11]"
 887, 6  10  12  12 , 10, 88.9%, 10.27, 4.57,"[6, 10, 12, 12]"
 888, 1  3  3  11 , 10.01, 88.2%, 9.98, 4.66,"[1, 3, 3, 11]"
 889, 4  9  11  12 , 10.01, 88.9%, 10.23, 4.3,"[4, 9, 11, 12]"
 890, 6  8  9  11 , 10.01, 84.4%, 9.9, 4.72,"[6, 8, 9, 11]"
 891, 7  8  9  13 , 10.01, 84.1%, 9.73, 4.22,"[7, 8, 9, 13]"
 892, 3  4  5  6 , 10.03, 84.1%, 9.94, 4.97,"[3, 4, 5, 6]"
 893, 3  4  8  11 , 10.05, 87.1%, 10.09, 4.98,"[3, 4, 8, 11]"
 894, 3  4  4  13 , 10.06, 89%, 10.18, 4.24,"[3, 4, 4, 13]"
 895, 4  5  6  10 , 10.06, 90.4%, 10.59, 4.43,"[4, 5, 6, 10]"
 896, 4  6  7  10 , 10.06, 86.7%, 10.18, 4.78,"[4, 6, 7, 10]"
 897, 3  3  6  13 , 10.07, 86.3%, 10.32, 5.3,"[3, 3, 6, 13]"
 898, 1  8  10  11 , 10.08, 87.2%, 10.06, 3.44,"[1, 8, 10, 11]"
 899, 2  4  12  12 , 10.09, 85.7%, 10.08, 4.76,"[2, 4, 12, 12]"
 900, 1  2  4  7 , 10.1, 89.5%, 10.46, 4.92,"[1, 2, 4, 7]"
 901, 2  6  12  12 , 10.11, 88.9%, 10.52, 5.1,"[2, 6, 12, 12]"
 902, 1  11  11  13 , 10.12, 87.9%, 10.16, 4.36,"[1, 11, 11, 13]"
 903, 2  5  8  11 , 10.12, 86%, 10.3, 5.12,"[2, 5, 8, 11]"
 904, 5  5  5  9 , 10.12, 87.7%, 9.84, 4.12,"[5, 5, 5, 9]"
 905, 5  5  6  11 , 10.12, 87.1%, 10.05, 4.59,"[5, 5, 6, 11]"
 906, 6  7  8  9 , 10.12, 84.4%, 9.78, 4.44,"[6, 7, 8, 9]"
 907, 2  3  6  9 , 10.14, 93.3%, 10.61, 4.19,"[2, 3, 6, 9]"
 908, 1  2  8  13 , 10.15, 91.4%, 10.42, 4.72,"[1, 2, 8, 13]"
 909, 6  8  9  9 , 10.15, 86.3%, 10.14, 4.15,"[6, 8, 9, 9]"
 910, 1  5  10  11 , 10.2, 86.3%, 9.99, 3.67,"[1, 5, 10, 11]"
 911, 3  3  7  12 , 10.2, 84.6%, 10.13, 5.34,"[3, 3, 7, 12]"
 912, 4  6  6  9 , 10.21, 87.9%, 10.57, 5.33,"[4, 6, 6, 9]"
 913, 1  3  5  9 , 10.22, 90.5%, 10.48, 4.49,"[1, 3, 5, 9]"
 914, 2  4  8  9 , 10.22, 84%, 9.94, 4.56,"[2, 4, 8, 9]"
 915, 3  4  6  11 , 10.22, 89%, 10.43, 4.58,"[3, 4, 6, 11]"
 916, 1  5  9  13 , 10.24, 85%, 10.18, 4.79,"[1, 5, 9, 13]"
 917, 1  4  4  8 , 10.25, 89.7%, 10.51, 5.49,"[1, 4, 4, 8]"
 918, 1  4  5  13 , 10.25, 87.7%, 10.39, 4.55,"[1, 4, 5, 13]"
 919, 4  5  7  9 , 10.26, 86.7%, 10.55, 5.1,"[4, 5, 7, 9]"
 920, 2  4  6  12 , 10.29, 94.4%, 11.09, 4.77,"[2, 4, 6, 12]"
 921, 3  6  9  12 , 10.3, 92.9%, 10.77, 4.19,"[3, 6, 9, 12]"
 922, 5  5  8  10 , 10.3, 81.4%, 9.76, 4.01,"[5, 5, 8, 10]"
 923, 6  9  12  13 , 10.3, 88.4%, 10.48, 4.28,"[6, 9, 12, 13]"
 924, 4  7  9  13 , 10.31, 84.3%, 10.41, 5.75,"[4, 7, 9, 13]"
 925, 3  3  6  7 , 10.33, 88.9%, 10.7, 4.61,"[3, 3, 6, 7]"
 926, 2  2  7  12 , 10.34, 83.1%, 9.86, 4.42,"[2, 2, 7, 12]"
 927, 2  4  6  7 , 10.34, 90%, 10.47, 4.3,"[2, 4, 6, 7]"
 928, 5  6  8  12 , 10.35, 87.9%, 10.39, 4.09,"[5, 6, 8, 12]"
 929, 6  7  8  11 , 10.35, 83.8%, 10.1, 4.95,"[6, 7, 8, 11]"
 930, 7  9  9  13 , 10.38, 87.9%, 10.38, 4.65,"[7, 9, 9, 13]"
 931, 5  6  8  10 , 10.39, 87%, 10.37, 4.42,"[5, 6, 8, 10]"
 932, 5  8  11  12 , 10.39, 87%, 10.59, 4.25,"[5, 8, 11, 12]"
 933, 5  6  7  13 , 10.41, 86.3%, 10.61, 5.48,"[5, 6, 7, 13]"
 934, 2  2  8  8 , 10.43, 91.3%, 10.79, 4.75,"[2, 2, 8, 8]"
 935, 6  6  7  12 , 10.44, 83.9%, 10.13, 4.76,"[6, 6, 7, 12]"
 936, 2  5  10  10 , 10.46, 78.5%, 9.57, 4,"[2, 5, 10, 10]"
 937, 2  6  8  12 , 10.48, 94%, 11.16, 4.55,"[2, 6, 8, 12]"
 938, 4  5  6  8 , 10.5, 87.6%, 10.44, 4.29,"[4, 5, 6, 8]"
 939, 4  5  10  12 , 10.52, 86.4%, 10.39, 4.38,"[4, 5, 10, 12]"
 940, 6  9  9  11 , 10.52, 82.4%, 9.84, 5.11,"[6, 9, 9, 11]"
 941, 6  11  12  13 , 10.53, 80.3%, 9.7, 5.04,"[6, 11, 12, 13]"
 942, 1  2  7  11 , 10.55, 88.3%, 10.67, 4.74,"[1, 2, 7, 11]"
 943, 2  7  12  13 , 10.56, 80.3%, 9.81, 4.88,"[2, 7, 12, 13]"
 944, 1  4  4  11 , 10.57, 86.5%, 10.5, 5.19,"[1, 4, 4, 11]"
 945, 6  10  12  13 , 10.57, 82.5%, 10.11, 4.74,"[6, 10, 12, 13]"
 946, 1  3  9  9 , 10.61, 85%, 10.22, 4.08,"[1, 3, 9, 9]"
 947, 2  3  9  10 , 10.61, 89.8%, 10.83, 4.25,"[2, 3, 9, 10]"
 948, 1  2  3  13 , 10.66, 91.8%, 11, 4.81,"[1, 2, 3, 13]"
 949, 3  4  6  8 , 10.66, 90.9%, 11.24, 5.05,"[3, 4, 6, 8]"
 950, 3  4  9  13 , 10.67, 79.5%, 9.61, 5.46,"[3, 4, 9, 13]"
 951, 6  7  10  12 , 10.68, 85.2%, 10.68, 4.76,"[6, 7, 10, 12]"
 952, 1  3  6  11 , 10.7, 88.2%, 10.61, 4.35,"[1, 3, 6, 11]"
 953, 1  7  9  11 , 10.7, 85.2%, 10.47, 4.27,"[1, 7, 9, 11]"
 954, 1  2  2  9 , 10.71, 82.3%, 10.01, 4.54,"[1, 2, 2, 9]"
 955, 2  3  6  6 , 10.72, 91.8%, 11.12, 4.39,"[2, 3, 6, 6]"
 956, 5  10  12  13 , 10.74, 83.5%, 10.3, 4.44,"[5, 10, 12, 13]"
 957, 1  7  10  13 , 10.76, 83.6%, 10.4, 4.62,"[1, 7, 10, 13]"
 958, 2  2  5  12 , 10.77, 84.6%, 10.61, 5.19,"[2, 2, 5, 12]"
 959, 7  8  8  12 , 10.77, 83.6%, 10.39, 4.5,"[7, 8, 8, 12]"
 960, 1  6  6  6 , 10.8, 85.6%, 10.34, 5.1,"[1, 6, 6, 6]"
 961, 1  3  8  13 , 10.81, 90.4%, 11.11, 5.01,"[1, 3, 8, 13]"
 962, 2  5  7  7 , 10.82, 82.7%, 10.41, 4.68,"[2, 5, 7, 7]"
 963, 2  6  8  13 , 10.82, 87.2%, 10.95, 5.09,"[2, 6, 8, 13]"
 964, 2  3  6  13 , 10.83, 90.1%, 10.9, 4.56,"[2, 3, 6, 13]"
 965, 8  8  10  12 , 10.85, 78.7%, 9.81, 5.64,"[8, 8, 10, 12]"
 966, 4  4  7  10 , 10.88, 75%, 9.01, 4.45,"[4, 4, 7, 10]"
 967, 4  4  8  12 , 10.89, 92.2%, 11.59, 5,"[4, 4, 8, 12]"
 968, 3  9  10  13 , 10.9, 82.9%, 11.03, 6.35,"[3, 9, 10, 13]"
 969, 1  2  6  10 , 10.92, 86.6%, 10.87, 4.96,"[1, 2, 6, 10]"
 970, 1  9  10  13 , 10.92, 83.2%, 10.39, 4.48,"[1, 9, 10, 13]"
 971, 2  3  4  7 , 10.94, 86.8%, 10.87, 4.9,"[2, 3, 4, 7]"
 972, 3  3  4  11 , 10.94, 88.7%, 11.03, 5.45,"[3, 3, 4, 11]"
 973, 5  6  6  8 , 10.97, 81.4%, 10.5, 5.81,"[5, 6, 6, 8]"
 974, 3  3  9  12 , 11.02, 87.2%, 11.07, 4.93,"[3, 3, 9, 12]"
 975, 7  7  8  11 , 11.04, 80.4%, 10.11, 4.48,"[7, 7, 8, 11]"
 976, 2  3  4  9 , 11.05, 88.4%, 11.16, 4.72,"[2, 3, 4, 9]"
 977, 5  8  8  8 , 11.05, 80.5%, 10.51, 5.23,"[5, 8, 8, 8]"
 978, 1  3  7  10 , 11.06, 86.4%, 11.02, 5.26,"[1, 3, 7, 10]"
 979, 2  3  10  12 , 11.06, 86.6%, 11.24, 4.07,"[2, 3, 10, 12]"
 980, 5  9  12  12 , 11.07, 83%, 10.77, 4.72,"[5, 9, 12, 12]"
 981, 3  4  6  6 , 11.08, 90.5%, 11.31, 4.61,"[3, 4, 6, 6]"
 982, 3  5  7  10 , 11.08, 84.6%, 10.73, 5.12,"[3, 5, 7, 10]"
 983, 2  4  5  6 , 11.16, 91.1%, 11.64, 4.47,"[2, 4, 5, 6]"
 984, 1  5  12  12 , 11.18, 81%, 10.32, 4.95,"[1, 5, 12, 12]"
 985, 2  6  7  11 , 11.18, 82.7%, 10.64, 5.14,"[2, 6, 7, 11]"
 986, 5  5  8  13 , 11.2, 80.9%, 10.67, 4.52,"[5, 5, 8, 13]"
 987, 6  8  8  12 , 11.21, 88%, 11.44, 5.03,"[6, 8, 8, 12]"
 988, 2  4  6  11 , 11.22, 85.2%, 11.05, 5.45,"[2, 4, 6, 11]"
 989, 2  3  3  10 , 11.29, 84.7%, 11.33, 4.88,"[2, 3, 3, 10]"
 990, 3  4  8  12 , 11.29, 87.8%, 11.27, 5.45,"[3, 4, 8, 12]"
 991, 4  4  9  12 , 11.31, 78.5%, 10.22, 4.72,"[4, 4, 9, 12]"
 992, 4  10  12  13 , 11.32, 81.3%, 10.42, 5.55,"[4, 10, 12, 13]"
 993, 1  5  6  7 , 11.33, 89%, 11.62, 4.68,"[1, 5, 6, 7]"
 994, 4  9  10  13 , 11.33, 82.4%, 10.8, 4.86,"[4, 9, 10, 13]"
 995, 5  8  10  11 , 11.36, 87.3%, 11, 4.77,"[5, 8, 10, 11]"
 996, 2  2  8  9 , 11.39, 86.9%, 11.53, 5.01,"[2, 2, 8, 9]"
 997, 2  4  4  6 , 11.41, 90.2%, 11.75, 4.73,"[2, 4, 4, 6]"
 998, 2  4  6  8 , 11.41, 93.3%, 11.82, 4.43,"[2, 4, 6, 8]"
 999, 2  4  9  12 , 11.41, 87.3%, 11.39, 4.82,"[2, 4, 9, 12]"
 1000, 3  3  6  12 , 11.41, 86.9%, 11.58, 6.01,"[3, 3, 6, 12]"
 1001, 1  2  7  12 , 11.43, 77.6%, 9.83, 5.69,"[1, 2, 7, 12]"
 1002, 2  3  4  5 , 11.43, 84.5%, 11.1, 5.65,"[2, 3, 4, 5]"
 1003, 4  4  5  11 , 11.46, 85.1%, 11.3, 4.79,"[4, 4, 5, 11]"
 1004, 3  3  5  12 , 11.48, 86.9%, 11.55, 5.18,"[3, 3, 5, 12]"
 1005, 4  8  11  13 , 11.5, 82.4%, 10.64, 5.23,"[4, 8, 11, 13]"
 1006, 8  9  9  12 , 11.5, 82.6%, 10.87, 4.71,"[8, 9, 9, 12]"
 1007, 1  4  7  7 , 11.52, 85.5%, 11.33, 4.62,"[1, 4, 7, 7]"
 1008, 2  5  6  6 , 11.53, 78.3%, 10.16, 5.78,"[2, 5, 6, 6]"
 1009, 3  4  6  9 , 11.53, 82.5%, 10.9, 5.54,"[3, 4, 6, 9]"
 1010, 1  3  4  8 , 11.54, 89.6%, 11.66, 4.68,"[1, 3, 4, 8]"
 1011, 6  7  9  9 , 11.54, 80.2%, 10.79, 5.98,"[6, 7, 9, 9]"
 1012, 3  6  7  13 , 11.56, 82.6%, 10.9, 6.11,"[3, 6, 7, 13]"
 1013, 7  8  10  10 , 11.56, 79%, 10.69, 4.97,"[7, 8, 10, 10]"
 1014, 2  3  5  7 , 11.57, 89.1%, 11.67, 4.95,"[2, 3, 5, 7]"
 1015, 1  6  7  9 , 11.64, 84.5%, 11.38, 4.72,"[1, 6, 7, 9]"
 1016, 4  5  6  13 , 11.64, 78%, 10.33, 5.21,"[4, 5, 6, 13]"
 1017, 3  7  8  11 , 11.68, 83.1%, 11.29, 5.76,"[3, 7, 8, 11]"
 1018, 4  6  7  12 , 11.68, 81.3%, 11.26, 5.46,"[4, 6, 7, 12]"
 1019, 1  3  7  7 , 11.71, 85.4%, 11.51, 4.67,"[1, 3, 7, 7]"
 1020, 1  5  7  9 , 11.71, 84.5%, 11.22, 4.91,"[1, 5, 7, 9]"
 1021, 3  7  9  12 , 11.71, 86%, 11.71, 5.63,"[3, 7, 9, 12]"
 1022, 3  3  5  13 , 11.72, 85%, 11.49, 4.79,"[3, 3, 5, 13]"
 1023, 6  8  9  12 , 11.72, 86.7%, 11.73, 5.07,"[6, 8, 9, 12]"
 1024, 1  3  7  12 , 11.73, 85.4%, 11.07, 5.04,"[1, 3, 7, 12]"
 1025, 3  5  7  9 , 11.75, 86.4%, 11.52, 4.91,"[3, 5, 7, 9]"
 1026, 2  6  10  13 , 11.76, 84.7%, 11.38, 5.48,"[2, 6, 10, 13]"
 1027, 3  7  9  11 , 11.77, 88.2%, 11.89, 4.91,"[3, 7, 9, 11]"
 1028, 1  4  8  9 , 11.79, 89%, 11.96, 5.09,"[1, 4, 8, 9]"
 1029, 2  7  9  11 , 11.8, 83.7%, 11.44, 5.45,"[2, 7, 9, 11]"
 1030, 2  5  8  10 , 11.81, 82.8%, 11, 4.8,"[2, 5, 8, 10]"
 1031, 3  5  10  13 , 11.81, 82.5%, 11.06, 5.36,"[3, 5, 10, 13]"
 1032, 4  8  9  13 , 11.81, 82.4%, 10.97, 6.11,"[4, 8, 9, 13]"
 1033, 2  3  7  13 , 11.86, 86.3%, 11.74, 5.34,"[2, 3, 7, 13]"
 1034, 4  6  8  13 , 11.87, 81%, 11.03, 5.2,"[4, 6, 8, 13]"
 1035, 4  8  8  10 , 11.88, 85.6%, 11.71, 5.55,"[4, 8, 8, 10]"
 1036, 5  5  8  12 , 11.91, 79.5%, 10.99, 5.06,"[5, 5, 8, 12]"
 1037, 5  8  10  12 , 11.92, 84.3%, 11.26, 5.15,"[5, 8, 10, 12]"
 1038, 4  5  5  10 , 11.94, 81%, 11.04, 4.48,"[4, 5, 5, 10]"
 1039, 7  8  9  10 , 11.97, 79.8%, 11.12, 5.38,"[7, 8, 9, 10]"
 1040, 3  5  6  10 , 11.98, 85.9%, 11.73, 5.63,"[3, 5, 6, 10]"
 1041, 1  3  3  6 , 12.02, 87.3%, 11.95, 5.21,"[1, 3, 3, 6]"
 1042, 2  9  11  13 , 12.02, 82%, 11.38, 5.46,"[2, 9, 11, 13]"
 1043, 2  5  11  12 , 12.03, 76.9%, 10.46, 5.43,"[2, 5, 11, 12]"
 1044, 2  5  7  13 , 12.11, 83.9%, 11.82, 5.63,"[2, 5, 7, 13]"
 1045, 2  3  5  13 , 12.13, 85.6%, 11.97, 5.39,"[2, 3, 5, 13]"
 1046, 2  5  5  7 , 12.13, 82.1%, 11.64, 4.89,"[2, 5, 5, 7]"
 1047, 3  3  3  11 , 12.15, 78.1%, 10.81, 5.42,"[3, 3, 3, 11]"
 1048, 1  5  8  11 , 12.17, 89.4%, 12.52, 5.6,"[1, 5, 8, 11]"
 1049, 4  6  6  12 , 12.17, 85.9%, 11.71, 5.88,"[4, 6, 6, 12]"
 1050, 3  4  8  9 , 12.21, 88%, 12.35, 5.09,"[3, 4, 8, 9]"
 1051, 2  5  7  11 , 12.23, 82.5%, 11.63, 5.72,"[2, 5, 7, 11]"
 1052, 2  4  4  5 , 12.28, 82.1%, 11.39, 5.18,"[2, 4, 4, 5]"
 1053, 2  3  6  12 , 12.32, 91.2%, 12.79, 5.21,"[2, 3, 6, 12]"
 1054, 2  4  4  10 , 12.33, 89.7%, 12.46, 5.17,"[2, 4, 4, 10]"
 1055, 7  10  10  12 , 12.36, 78.1%, 11.24, 5.26,"[7, 10, 10, 12]"
 1056, 2  6  6  7 , 12.38, 78.3%, 10.85, 5.64,"[2, 6, 6, 7]"
 1057, 6  9  9  12 , 12.39, 87%, 12.25, 5.83,"[6, 9, 9, 12]"
 1058, 3  3  3  4 , 12.4, 82.4%, 11.59, 5.95,"[3, 3, 3, 4]"
 1059, 4  9  10  11 , 12.41, 76.7%, 10.71, 5.79,"[4, 9, 10, 11]"
 1060, 4  4  6  9 , 12.43, 77.1%, 10.63, 5.64,"[4, 4, 6, 9]"
 1061, 1  4  5  7 , 12.49, 88%, 12.49, 5.26,"[1, 4, 5, 7]"
 1062, 4  10  11  13 , 12.52, 75.8%, 10.65, 5.67,"[4, 10, 11, 13]"
 1063, 7  9  10  11 , 12.53, 76.9%, 10.94, 5.4,"[7, 9, 10, 11]"
 1064, 4  4  6  10 , 12.54, 87.6%, 12.56, 5.3,"[4, 4, 6, 10]"
 1065, 4  4  7  8 , 12.57, 83.9%, 12.35, 5.6,"[4, 4, 7, 8]"
 1066, 3  4  9  9 , 12.59, 84.2%, 12.15, 5.02,"[3, 4, 9, 9]"
 1067, 3  3  6  8 , 12.6, 74.7%, 10.49, 5.67,"[3, 3, 6, 8]"
 1068, 2  2  2  7 , 12.61, 72.6%, 9.6, 5.69,"[2, 2, 2, 7]"
 1069, 6  9  10  12 , 12.68, 80.1%, 11.58, 6.11,"[6, 9, 10, 12]"
 1070, 1  5  8  13 , 12.73, 80.1%, 11.55, 5.82,"[1, 5, 8, 13]"
 1071, 7  7  9  10 , 12.73, 75.8%, 11.31, 5.25,"[7, 7, 9, 10]"
 1072, 2  4  5  7 , 12.75, 78.4%, 11.36, 5.63,"[2, 4, 5, 7]"
 1073, 1  4  7  9 , 12.76, 82.2%, 11.96, 5.1,"[1, 4, 7, 9]"
 1074, 3  5  11  12 , 12.76, 80%, 11.51, 5.81,"[3, 5, 11, 12]"
 1075, 4  6  9  13 , 12.78, 85.3%, 12.76, 5.3,"[4, 6, 9, 13]"
 1076, 3  5  6  11 , 12.79, 82.4%, 12.11, 6.63,"[3, 5, 6, 11]"
 1077, 2  4  8  13 , 12.83, 82.3%, 12.18, 5.93,"[2, 4, 8, 13]"
 1078, 4  8  12  12 , 12.84, 85.4%, 12.24, 5.89,"[4, 8, 12, 12]"
 1079, 5  6  10  12 , 12.84, 75.9%, 11.04, 5.51,"[5, 6, 10, 12]"
 1080, 3  3  5  10 , 12.85, 83%, 12.09, 5.34,"[3, 3, 5, 10]"
 1081, 3  3  9  13 , 12.89, 74.3%, 10.73, 6.02,"[3, 3, 9, 13]"
 1082, 4  5  8  13 , 12.92, 78%, 11.46, 5.94,"[4, 5, 8, 13]"
 1083, 2  5  10  13 , 12.94, 81.9%, 12.35, 5.86,"[2, 5, 10, 13]"
 1084, 5  7  7  9 , 12.94, 74.2%, 11.15, 5.13,"[5, 7, 7, 9]"
 1085, 4  7  10  12 , 12.95, 79.7%, 11.56, 5.66,"[4, 7, 10, 12]"
 1086, 2  3  3  3 , 12.96, 82.2%, 11.95, 5.99,"[2, 3, 3, 3]"
 1087, 5  7  11  13 , 12.97, 70.9%, 10.1, 5.21,"[5, 7, 11, 13]"
 1088, 6  9  11  13 , 12.99, 72.8%, 10.45, 6.1,"[6, 9, 11, 13]"
 1089, 1  4  5  9 , 13.02, 82.2%, 12.13, 6.71,"[1, 4, 5, 9]"
 1090, 4  4  6  8 , 13.02, 84.2%, 12.43, 6.74,"[4, 4, 6, 8]"
 1091, 2  3  8  8 , 13.09, 80.4%, 11.93, 5.75,"[2, 3, 8, 8]"
 1092, 3  5  6  13 , 13.15, 76%, 11.39, 5.59,"[3, 5, 6, 13]"
 1093, 1  4  6  6 , 13.17, 80.2%, 11.95, 6.49,"[1, 4, 6, 6]"
 1094, 1  5  6  11 , 13.26, 80.9%, 12.1, 6.55,"[1, 5, 6, 11]"
 1095, 4  4  5  12 , 13.27, 78.9%, 11.74, 6.12,"[4, 4, 5, 12]"
 1096, 5  5  7  10 , 13.29, 74%, 11.51, 5.08,"[5, 5, 7, 10]"
 1097, 2  3  5  10 , 13.3, 80.3%, 12.08, 5.37,"[2, 3, 5, 10]"
 1098, 5  9  10  13 , 13.34, 78%, 11.62, 5.86,"[5, 9, 10, 13]"
 1099, 1  1  6  9 , 13.37, 80.6%, 11.56, 6.52,"[1, 1, 6, 9]"
 1100, 1  4  5  8 , 13.37, 82.4%, 12.59, 5.73,"[1, 4, 5, 8]"
 1101, 3  5  7  8 , 13.4, 85.2%, 13, 5.94,"[3, 5, 7, 8]"
 1102, 5  7  10  10 , 13.41, 76.6%, 12.19, 5.38,"[5, 7, 10, 10]"
 1103, 2  8  10  13 , 13.46, 80.9%, 12.7, 6.12,"[2, 8, 10, 13]"
 1104, 6  9  11  12 , 13.47, 75.5%, 11.21, 6.09,"[6, 9, 11, 12]"
 1105, 4  10  10  12 , 13.5, 78.2%, 12.24, 6.35,"[4, 10, 10, 12]"
 1106, 2  2  2  9 , 13.54, 76.2%, 11.13, 6.45,"[2, 2, 2, 9]"
 1107, 6  7  7  10 , 13.54, 72.8%, 10.9, 5.33,"[6, 7, 7, 10]"
 1108, 1  3  6  10 , 13.55, 82.3%, 12.25, 6.98,"[1, 3, 6, 10]"
 1109, 2  7  10  11 , 13.56, 78.7%, 12.34, 6.11,"[2, 7, 10, 11]"
 1110, 7  10  11  13 , 13.57, 73.6%, 11.23, 5.89,"[7, 10, 11, 13]"
 1111, 6  8  11  12 , 13.67, 77.9%, 12.4, 5.87,"[6, 8, 11, 12]"
 1112, 4  5  8  10 , 13.75, 75.8%, 11.46, 5.94,"[4, 5, 8, 10]"
 1113, 3  8  9  11 , 13.81, 79.9%, 12.77, 6.88,"[3, 8, 9, 11]"
 1114, 6  12  12  12 , 13.86, 76.6%, 11.74, 6.73,"[6, 12, 12, 12]"
 1115, 2  10  12  13 , 13.89, 81.5%, 13.19, 6.11,"[2, 10, 12, 13]"
 1116, 2  3  7  8 , 13.92, 80.4%, 12.8, 5.61,"[2, 3, 7, 8]"
 1117, 6  7  10  10 , 13.98, 70.6%, 10.6, 5.81,"[6, 7, 10, 10]"
 1118, 3  5  9  9 , 14.11, 79.3%, 13.02, 6.17,"[3, 5, 9, 9]"
 1119, 2  4  7  9 , 14.13, 80.5%, 13.28, 6.39,"[2, 4, 7, 9]"
 1120, 2  3  8  9 , 14.16, 81.2%, 12.95, 6.25,"[2, 3, 8, 9]"
 1121, 2  2  5  9 , 14.2, 74.2%, 11.87, 6.36,"[2, 2, 5, 9]"
 1122, 1  3  7  9 , 14.25, 80.2%, 12.79, 5.52,"[1, 3, 7, 9]"
 1123, 3  3  9  11 , 14.26, 79.1%, 13.18, 5.76,"[3, 3, 9, 11]"
 1124, 5  7  9  11 , 14.26, 71.3%, 11.15, 5.93,"[5, 7, 9, 11]"
 1125, 2  4  9  10 , 14.32, 79.4%, 13.1, 6.05,"[2, 4, 9, 10]"
 1126, 3  5  5  11 , 14.36, 79.4%, 13.29, 5.6,"[3, 5, 5, 11]"
 1127, 3  3  8  10 , 14.42, 80.7%, 13.73, 5.74,"[3, 3, 8, 10]"
 1128, 3  5  12  12 , 14.52, 67.3%, 9.88, 6.02,"[3, 5, 12, 12]"
 1129, 3  4  4  10 , 14.53, 77.2%, 12.27, 6.76,"[3, 4, 4, 10]"
 1130, 3  4  4  11 , 14.57, 76.4%, 12.71, 6.44,"[3, 4, 4, 11]"
 1131, 1  3  5  6 , 14.6, 86.2%, 14.28, 5.94,"[1, 3, 5, 6]"
 1132, 5  5  9  11 , 14.65, 71.4%, 12.33, 5.19,"[5, 5, 9, 11]"
 1133, 2  5  9  10 , 14.68, 78.2%, 13.2, 6.28,"[2, 5, 9, 10]"
 1134, 4  5  8  11 , 14.68, 73.4%, 11.86, 6.72,"[4, 5, 8, 11]"
 1135, 2  6  12  13 , 14.69, 78.5%, 13.47, 5.87,"[2, 6, 12, 13]"
 1136, 3  4  7  12 , 14.72, 82.5%, 14.19, 6.23,"[3, 4, 7, 12]"
 1137, 4  6  9  12 , 14.72, 77.6%, 12.72, 7,"[4, 6, 9, 12]"
 1138, 4  4  5  13 , 14.74, 73.1%, 12.07, 7.16,"[4, 4, 5, 13]"
 1139, 2  6  9  12 , 14.75, 82.9%, 13.8, 6.61,"[2, 6, 9, 12]"
 1140, 3  3  4  13 , 14.76, 76.5%, 12.41, 6.83,"[3, 3, 4, 13]"
 1141, 5  6  6  12 , 14.86, 80.7%, 13.59, 6.12,"[5, 6, 6, 12]"
 1142, 5  9  9  12 , 14.87, 75.9%, 13.12, 6.76,"[5, 9, 9, 12]"
 1143, 4  4  4  10 , 14.88, 77%, 12.81, 6.47,"[4, 4, 4, 10]"
 1144, 6  10  10  13 , 14.9, 69.2%, 11.09, 6.2,"[6, 10, 10, 13]"
 1145, 2  2  3  4 , 14.95, 77.2%, 13.11, 6.07,"[2, 2, 3, 4]"
 1146, 3  4  10  10 , 14.95, 75.5%, 12.97, 6.1,"[3, 4, 10, 10]"
 1147, 3  6  11  13 , 14.97, 73%, 11.53, 6.88,"[3, 6, 11, 13]"
 1148, 2  2  5  10 , 15.01, 78.7%, 13.56, 5.82,"[2, 2, 5, 10]"
 1149, 2  5  9  11 , 15.01, 76.4%, 13.22, 6.96,"[2, 5, 9, 11]"
 1150, 1  5  11  12 , 15.08, 71.2%, 11.47, 6.18,"[1, 5, 11, 12]"
 1151, 2  2  7  7 , 15.1, 69.9%, 11.43, 6.07,"[2, 2, 7, 7]"
 1152, 3  6  8  13 , 15.1, 81.4%, 14.45, 6.29,"[3, 6, 8, 13]"
 1153, 4  7  8  12 , 15.17, 79.4%, 13.97, 6.72,"[4, 7, 8, 12]"
 1154, 3  3  9  10 , 15.21, 77.9%, 13.68, 6.17,"[3, 3, 9, 10]"
 1155, 5  7  8  10 , 15.21, 70.9%, 12.26, 5.72,"[5, 7, 8, 10]"
 1156, 3  6  8  12 , 15.25, 80.5%, 13.92, 6.2,"[3, 6, 8, 12]"
 1157, 2  4  10  11 , 15.33, 79.4%, 14.18, 6.57,"[2, 4, 10, 11]"
 1158, 3  6  6  13 , 15.34, 72.7%, 12.2, 6.49,"[3, 6, 6, 13]"
 1159, 1  4  4  6 , 15.39, 79.5%, 13.58, 6.79,"[1, 4, 4, 6]"
 1160, 5  5  5  12 , 15.44, 67.5%, 10.29, 6.39,"[5, 5, 5, 12]"
 1161, 2  5  8  8 , 15.45, 71.4%, 11.85, 6.71,"[2, 5, 8, 8]"
 1162, 7  9  12  12 , 15.49, 64.3%, 9.53, 5.62,"[7, 9, 12, 12]"
 1163, 4  6  8  10 , 15.53, 76.1%, 12.87, 7.73,"[4, 6, 8, 10]"
 1164, 2  6  11  12 , 15.65, 77.6%, 14.13, 6.47,"[2, 6, 11, 12]"
 1165, 1  5  5  10 , 15.71, 71.1%, 11.83, 7.08,"[1, 5, 5, 10]"
 1166, 5  7  12  12 , 15.8, 66.1%, 10.57, 6.28,"[5, 7, 12, 12]"
 1167, 2  3  8  10 , 15.86, 82.3%, 15.18, 6.64,"[2, 3, 8, 10]"
 1168, 3  3  8  13 , 15.87, 69.8%, 11.47, 6.29,"[3, 3, 8, 13]"
 1169, 2  5  5  9 , 15.88, 78.7%, 14.54, 6.02,"[2, 5, 5, 9]"
 1170, 4  5  7  13 , 15.89, 72.6%, 12.6, 6.36,"[4, 5, 7, 13]"
 1171, 7  7  7  12 , 15.98, 65%, 9.13, 6.17,"[7, 7, 7, 12]"
 1172, 1  3  12  13 , 16.04, 75.9%, 13.72, 6.88,"[1, 3, 12, 13]"
 1173, 2  3  6  7 , 16.12, 81%, 15.13, 6.72,"[2, 3, 6, 7]"
 1174, 1  3  8  10 , 16.13, 71%, 12.43, 6.54,"[1, 3, 8, 10]"
 1175, 4  7  8  11 , 16.44, 68.5%, 10.95, 6.74,"[4, 7, 8, 11]"
 1176, 5  6  9  13 , 16.47, 68.8%, 12.59, 6.21,"[5, 6, 9, 13]"
 1177, 2  6  10  11 , 16.52, 73.4%, 13.69, 7,"[2, 6, 10, 11]"
 1178, 3  10  11  13 , 16.55, 71.4%, 13.46, 6.37,"[3, 10, 11, 13]"
 1179, 6  10  11  12 , 16.57, 69.8%, 13.16, 6.32,"[6, 10, 11, 12]"
 1180, 2  2  6  7 , 16.62, 72.5%, 13.23, 6.98,"[2, 2, 6, 7]"
 1181, 4  9  9  12 , 16.62, 71.6%, 13.56, 6.63,"[4, 9, 9, 12]"
 1182, 5  5  6  8 , 16.77, 78.2%, 15.02, 6.64,"[5, 5, 6, 8]"
 1183, 2  6  6  9 , 16.79, 72.7%, 13.21, 6.67,"[2, 6, 6, 9]"
 1184, 1  4  10  12 , 16.86, 72.1%, 12.95, 6.68,"[1, 4, 10, 12]"
 1185, 6  8  9  10 , 16.88, 71.1%, 13, 7.33,"[6, 8, 9, 10]"
 1186, 1  3  11  12 , 16.93, 75.8%, 14.59, 7.55,"[1, 3, 11, 12]"
 1187, 3  9  9  13 , 16.94, 67.3%, 12.26, 6.2,"[3, 9, 9, 13]"
 1188, 2  3  7  10 , 17.06, 76.9%, 15.04, 6.84,"[2, 3, 7, 10]"
 1189, 2  4  4  9 , 17.1, 73.5%, 13.67, 7.53,"[2, 4, 4, 9]"
 1190, 2  3  7  7 , 17.14, 76.6%, 15.29, 6.67,"[2, 3, 7, 7]"
 1191, 2  7  10  10 , 17.17, 67.9%, 13.45, 5.85,"[2, 7, 10, 10]"
 1192, 6  6  9  10 , 17.18, 70.1%, 13.52, 6.96,"[6, 6, 9, 10]"
 1193, 2  2  9  12 , 17.33, 72.9%, 15.02, 6.44,"[2, 2, 9, 12]"
 1194, 6  6  6  10 , 17.37, 66.2%, 11.66, 6.62,"[6, 6, 6, 10]"
 1195, 8  8  8  11 , 17.44, 63.2%, 10.41, 6.15,"[8, 8, 8, 11]"
 1196, 10  12  12  12 , 17.48, 64.1%, 10.42, 5.89,"[10, 12, 12, 12]"
 1197, 5  7  7  10 , 17.57, 67.7%, 13.32, 6.58,"[5, 7, 7, 10]"
 1198, 3  5  8  9 , 17.64, 75.7%, 15.76, 7.56,"[3, 5, 8, 9]"
 1199, 3  5  7  12 , 17.94, 71%, 14.32, 7.93,"[3, 5, 7, 12]"
 1200, 3  6  8  10 , 17.97, 66.4%, 12.19, 6.97,"[3, 6, 8, 10]"
 1201, 3  8  9  13 , 17.98, 73.5%, 15.44, 7.2,"[3, 8, 9, 13]"
 1202, 2  8  10  12 , 18, 79.7%, 16.62, 7.61,"[2, 8, 10, 12]"
 1203, 3  9  9  11 , 18.04, 70.3%, 13.89, 7.63,"[3, 9, 9, 11]"
 1204, 9  9  9  12 , 18.34, 63.2%, 9.94, 6.8,"[9, 9, 9, 12]"
 1205, 2  6  7  10 , 18.41, 69.8%, 13.17, 7.37,"[2, 6, 7, 10]"
 1206, 2  6  8  9 , 18.49, 72.6%, 15.59, 6.67,"[2, 6, 8, 9]"
 1207, 4  5  6  9 , 18.58, 75.4%, 16.61, 7.13,"[4, 5, 6, 9]"
 1208, 8  10  12  13 , 18.62, 67.4%, 14.48, 6.42,"[8, 10, 12, 13]"
 1209, 3  4  8  13 , 18.64, 70%, 14.01, 8.04,"[3, 4, 8, 13]"
 1210, 2  6  9  10 , 18.65, 69.5%, 14.86, 6.86,"[2, 6, 9, 10]"
 1211, 3  5  12  13 , 18.72, 67.9%, 14.55, 6.61,"[3, 5, 12, 13]"
 1212, 2  4  7  8 , 19.06, 76.5%, 16.87, 7.22,"[2, 4, 7, 8]"
 1213, 4  8  9  12 , 19.09, 72.6%, 16.38, 6.87,"[4, 8, 9, 12]"
 1214, 2  3  10  10 , 19.37, 69.3%, 14.66, 7.63,"[2, 3, 10, 10]"
 1215, 2  7  10  12 , 19.57, 70.3%, 16.01, 7.12,"[2, 7, 10, 12]"
 1216, 2  2  9  10 , 19.62, 65%, 14.42, 7.4,"[2, 2, 9, 10]"
 1217, 3  5  9  10 , 19.63, 68%, 14.61, 7.77,"[3, 5, 9, 10]"
 1218, 2  2  4  4 , 19.67, 71.5%, 15.17, 8.23,"[2, 2, 4, 4]"
 1219, 2  2  4  12 , 19.69, 75.2%, 15.52, 9.35,"[2, 2, 4, 12]"
 1220, 6  8  8  9 , 19.71, 63.1%, 11.76, 7.19,"[6, 8, 8, 9]"
 1221, 8  10  12  12 , 19.71, 63.5%, 11.71, 7.42,"[8, 10, 12, 12]"
 1222, 1  3  3  8 , 19.85, 73.7%, 15.91, 7.96,"[1, 3, 3, 8]"
 1223, 2  3  11  11 , 19.95, 68%, 15.07, 7.74,"[2, 3, 11, 11]"
 1224, 1  5  7  10 , 20.39, 69.5%, 16.24, 7.61,"[1, 5, 7, 10]"
 1225, 7  8  8  10 , 20.41, 61.2%, 12.28, 7.85,"[7, 8, 8, 10]"
 1226, 2  3  9  12 , 20.47, 66.9%, 13.27, 7.73,"[2, 3, 9, 12]"
 1227, 1  3  8  11 , 20.57, 73.4%, 16.9, 8.22,"[1, 3, 8, 11]"
 1228, 6  8  10  11 , 20.61, 64.2%, 13.86, 7.41,"[6, 8, 10, 11]"
 1229, 3  5  10  11 , 20.8, 69.4%, 16.13, 8.44,"[3, 5, 10, 11]"
 1230, 5  9  12  13 , 20.83, 64.5%, 15.87, 7.16,"[5, 9, 12, 13]"
 1231, 3  6  9  13 , 21.15, 69.2%, 17.21, 7.64,"[3, 6, 9, 13]"
 1232, 1  2  8  10 , 21.16, 67.7%, 15.27, 7.92,"[1, 2, 8, 10]"
 1233, 2  7  12  12 , 21.23, 62.7%, 12.47, 7.56,"[2, 7, 12, 12]"
 1234, 10  10  10  12 , 21.27, 60.8%, 10.54, 7.09,"[10, 10, 10, 12]"
 1235, 2  3  3  5 , 21.35, 69.6%, 15.98, 8.67,"[2, 3, 3, 5]"
 1236, 9  11  12  12 , 21.36, 59.3%, 10.87, 6.56,"[9, 11, 12, 12]"
 1237, 4  4  8  9 , 21.39, 69.6%, 16.99, 8.43,"[4, 4, 8, 9]"
 1238, 3  3  7  8 , 21.42, 68.6%, 17.03, 8.23,"[3, 3, 7, 8]"
 1239, 1  6  10  12 , 21.43, 65.8%, 14.21, 8.01,"[1, 6, 10, 12]"
 1240, 2  3  5  8 , 21.45, 72.9%, 18.02, 7.77,"[2, 3, 5, 8]"
 1241, 3  5  7  11 , 21.54, 64.4%, 14.61, 7.93,"[3, 5, 7, 11]"
 1242, 4  5  7  10 , 22.19, 63.3%, 14.64, 8.07,"[4, 5, 7, 10]"
 1243, 5  7  10  13 , 22.5, 61.9%, 16.54, 7.41,"[5, 7, 10, 13]"
 1244, 2  9  10  10 , 22.59, 61.1%, 16.74, 7.48,"[2, 9, 10, 10]"
 1245, 2  4  5  10 , 23.05, 67.1%, 17.38, 8.13,"[2, 4, 5, 10]"
 1246, 2  3  6  8 , 23.31, 75.2%, 20.35, 8.98,"[2, 3, 6, 8]"
 1247, 5  9  11  13 , 23.47, 61.4%, 16.71, 7.78,"[5, 9, 11, 13]"
 1248, 3  4  5  13 , 23.86, 65.5%, 18, 8.57,"[3, 4, 5, 13]"
 1249, 1  5  9  12 , 24.06, 62.5%, 14.21, 8.87,"[1, 5, 9, 12]"
 1250, 5  7  9  10 , 24.61, 61%, 15.7, 8.71,"[5, 7, 9, 10]"
 1251, 4  10  11  12 , 24.71, 62.9%, 17.56, 8.9,"[4, 10, 11, 12]"
 1252, 2  4  5  5 , 24.88, 60.2%, 15.33, 8.48,"[2, 4, 5, 5]"
 1253, 6  6  7  11 , 24.95, 58%, 13.27, 8.2,"[6, 6, 7, 11]"
 1254, 2  2  5  8 , 25.09, 63.6%, 16.83, 9.28,"[2, 2, 5, 8]"
 1255, 3  4  4  4 , 25.18, 67.3%, 18.11, 9.9,"[3, 4, 4, 4]"
 1256, 2  5  10  12 , 25.25, 63.8%, 18.2, 8.85,"[2, 5, 10, 12]"
 1257, 5  6  6  9 , 25.35, 59.1%, 14.32, 8.9,"[5, 6, 6, 9]"
 1258, 8  8  9  12 , 25.37, 56.8%, 12.88, 7.74,"[8, 8, 9, 12]"
 1259, 4  9  10  12 , 25.54, 61.8%, 17.25, 9.18,"[4, 9, 10, 12]"
 1260, 2  2  6  11 , 25.58, 62.2%, 18.59, 8.65,"[2, 2, 6, 11]"
 1261, 8  9  11  11 , 25.65, 58.1%, 15.97, 8.43,"[8, 9, 11, 11]"
 1262, 3  4  7  8 , 25.67, 60.6%, 14.52, 8.36,"[3, 4, 7, 8]"
 1263, 3  5  10  10 , 25.94, 54%, 12.66, 6.82,"[3, 5, 10, 10]"
 1264, 3  9  11  13 , 26.39, 57.8%, 14.17, 8.57,"[3, 9, 11, 13]"
 1265, 5  6  7  9 , 26.58, 59.8%, 16.22, 9.19,"[5, 6, 7, 9]"
 1266, 4  7  8  10 , 26.69, 62.4%, 18.84, 9.21,"[4, 7, 8, 10]"
 1267, 2  6  9  9 , 27.18, 57.8%, 14.62, 8.36,"[2, 6, 9, 9]"
 1268, 2  3  13  13 , 27.37, 58.2%, 17.76, 9.7,"[2, 3, 13, 13]"
 1269, 1  7  12  13 , 27.91, 56.3%, 15.38, 9.39,"[1, 7, 12, 13]"
 1270, 1  4  9  13 , 28.04, 60.9%, 18.93, 10.12,"[1, 4, 9, 13]"
 1271, 4  10  10  11 , 28.25, 54.7%, 19.49, 9.17,"[4, 10, 10, 11]"
 1272, 3  4  5  11 , 28.39, 63.3%, 20.75, 10.05,"[3, 4, 5, 11]"
 1273, 3  3  6  6 , 28.56, 57.9%, 14.34, 8.46,"[3, 3, 6, 6]"
 1274, 4  5  9  12 , 29.43, 60.7%, 22.43, 10.37,"[4, 5, 9, 12]"
 1275, 6  6  9  13 , 29.54, 54%, 13.5, 8.65,"[6, 6, 9, 13]"
 1276, 2  3  7  9 , 30.64, 57.7%, 18.29, 10.09,"[2, 3, 7, 9]"
 1277, 4  4  7  13 , 31.22, 53.6%, 15.14, 9.49,"[4, 4, 7, 13]"
 1278, 2  2  7  10 , 31.56, 53.3%, 16.51, 8.87,"[2, 2, 7, 10]"
 1279, 2  5  12  13 , 31.62, 58.1%, 22.43, 10.05,"[2, 5, 12, 13]"
 1280, 1  4  6  10 , 32.59, 55.8%, 19.13, 9.62,"[1, 4, 6, 10]"
 1281, 3  6  7  10 , 33.02, 57.2%, 22.08, 10.52,"[3, 6, 7, 10]"
 1282, 1  2  7  7 , 33.11, 54.8%, 17.48, 10.35,"[1, 2, 7, 7]"
 1283, 2  5  8  12 , 33.72, 54.6%, 18.18, 10.05,"[2, 5, 8, 12]"
 1284, 3  8  10  12 , 34.69, 53.8%, 20.83, 10.62,"[3, 8, 10, 12]"
 1285, 2  5  7  9 , 35.29, 52.6%, 23.54, 10.34,"[2, 5, 7, 9]"
 1286, 2  2  3  10 , 35.46, 54.6%, 18.31, 10.38,"[2, 2, 3, 10]"
 1287, 2  4  7  7 , 35.82, 50.8%, 17.38, 9.72,"[2, 4, 7, 7]"
 1288, 6  7  11  11 , 35.83, 46.2%, 20, 10.28,"[6, 7, 11, 11]"
 1289, 2  2  6  9 , 36.61, 52%, 18.16, 10.21,"[2, 2, 6, 9]"
 1290, 7  9  11  12 , 37.08, 50%, 17.7, 10.63,"[7, 9, 11, 12]"
 1291, 4  7  9  11 , 37.27, 51.6%, 22.88, 11.25,"[4, 7, 9, 11]"
 1292, 2  2  3  5 , 39.24, 51.3%, 15.53, 8.9,"[2, 2, 3, 5]"
 1293, 5  5  8  11 , 39.27, 46.1%, 24.42, 11.05,"[5, 5, 8, 11]"
 1294, 3  6  6  10 , 39.78, 50%, 18.54, 10.7,"[3, 6, 6, 10]"
 1295, 5  10  10  11 , 41.33, 41.8%, 15.1, 7.13,"[5, 10, 10, 11]"
 1296, 7  8  9  12 , 42.42, 48.4%, 16.33, 10.29,"[7, 8, 9, 12]"
 1297, 1  5  11  11 , 42.43, 43.2%, 16.36, 10.02,"[1, 5, 11, 11]"
 1298, 1  2  9  11 , 46.26, 44.6%, 22.51, 12.39,"[1, 2, 9, 11]"
 1299, 1  7  13  13 , 47.38, 41.6%, 14.39, 8.79,"[1, 7, 13, 13]"
 1300, 4  9  11  11 , 47.38, 43.2%, 25.38, 14.03,"[4, 9, 11, 11]"
 1301, 1  5  5  5 , 47.4, 43.4%, 12.16, 7.44,"[1, 5, 5, 5]"
 1302, 5  9  10  11 , 47.59, 42.8%, 28.38, 13.51,"[5, 9, 10, 11]"
 1303, 6  7  7  11 , 48.69, 42.6%, 27.79, 14.58,"[6, 7, 7, 11]"
 1304, 5  10  10  13 , 49.77, 38.7%, 17.25, 8.01,"[5, 10, 10, 13]"
 1305, 3  3  7  7 , 49.97, 40.8%, 12.87, 7.64,"[3, 3, 7, 7]"
 1306, 3  5  8  13 , 51.19, 42%, 30.59, 14.14,"[3, 5, 8, 13]"
 1307, 8  9  10  12 , 51.24, 42.6%, 22.35, 14.18,"[8, 9, 10, 12]"
 1308, 2  5  6  9 , 54.11, 44%, 27.58, 13.77,"[2, 5, 6, 9]"
 1309, 1  6  11  13 , 54.19, 38.4%, 18.68, 10.08,"[1, 6, 11, 13]"
 1310, 1  3  9  10 , 56.55, 40.8%, 23.14, 12.28,"[1, 3, 9, 10]"
 1311, 4  6  6  10 , 56.81, 40.5%, 23.17, 12.68,"[4, 6, 6, 10]"
 1312, 2  2  11  11 , 57.91, 40%, 13.52, 8.93,"[2, 2, 11, 11]"
 1313, 4  4  7  7 , 58.56, 38.7%, 14.78, 8.29,"[4, 4, 7, 7]"
 1314, 5  7  9  12 , 58.94, 39.4%, 17.79, 11.42,"[5, 7, 9, 12]"
 1315, 4  5  6  12 , 59.29, 44.1%, 21.83, 16.03,"[4, 5, 6, 12]"
 1316, 4  6  7  9 , 59.92, 41.8%, 19.77, 12.44,"[4, 6, 7, 9]"
 1317, 4  4  10  10 , 60.61, 39.9%, 13.39, 8.95,"[4, 4, 10, 10]"
 1318, 4  7  11  13 , 61.18, 37.2%, 31.12, 16.58,"[4, 7, 11, 13]"
 1319, 6  12  12  13 , 63.01, 37.7%, 15.59, 8.67,"[6, 12, 12, 13]"
 1320, 3  5  8  12 , 63.09, 37.9%, 27.97, 13.53,"[3, 5, 8, 12]"
 1321, 3  4  6  13 , 63.44, 40.2%, 20.65, 11.96,"[3, 4, 6, 13]"
 1322, 4  5  6  11 , 63.72, 37.6%, 19.74, 11.16,"[4, 5, 6, 11]"
 1323, 6  7  8  12 , 64.15, 40.6%, 17.34, 12.58,"[6, 7, 8, 12]"
 1324, 5  7  10  11 , 64.89, 36%, 24.7, 13.77,"[5, 7, 10, 11]"
 1325, 5  8  9  13 , 65, 35.1%, 34.25, 16.21,"[5, 8, 9, 13]"
 1326, 6  11  12  12 , 66.33, 36.2%, 15.77, 9.3,"[6, 11, 12, 12]"
 1327, 2  4  11  12 , 66.78, 39.1%, 24.18, 13.85,"[2, 4, 11, 12]"
 1328, 2  2  13  13 , 66.8, 37.1%, 14.46, 8.65,"[2, 2, 13, 13]"
 1329, 7  10  12  13 , 68.07, 37.8%, 22.53, 12.97,"[7, 10, 12, 13]"
 1330, 5  6  8  13 , 70.59, 36%, 22.79, 11.65,"[5, 6, 8, 13]"
 1331, 2  7  8  9 , 70.81, 39.4%, 18.78, 11.39,"[2, 7, 8, 9]"
 1332, 2  2  6  13 , 73.55, 33.4%, 31.21, 16.82,"[2, 2, 6, 13]"
 1333, 1  4  7  11 , 75.12, 35.4%, 30.09, 16.56,"[1, 4, 7, 11]"
 1334, 5  6  9  11 , 75.21, 33.5%, 26.41, 15.26,"[5, 6, 9, 11]"
 1335, 6  9  9  10 , 80.98, 31.7%, 33.11, 18.94,"[6, 9, 9, 10]"
 1336, 7  8  8  13 , 84.82, 29.7%, 27.07, 14.99,"[7, 8, 8, 13]"
 1337, 2  5  7  8 , 85.16, 32.8%, 28.77, 15.99,"[2, 5, 7, 8]"
 1338, 4  8  8  13 , 88.89, 29.1%, 24.82, 14.56,"[4, 8, 8, 13]"
 1339, 2  7  7  10 , 89.44, 27.1%, 27.4, 13.23,"[2, 7, 7, 10]"
 1340, 3  3  7  13 , 90.79, 27.2%, 32.73, 18.51,"[3, 3, 7, 13]"
 1341, 3  8  8  10 , 90.79, 28.9%, 25.56, 16.11,"[3, 8, 8, 10]"
 1342, 4  8  8  11 , 92.89, 29.9%, 23.49, 14.04,"[4, 8, 8, 11]"
 1343, 5  7  7  11 , 94.78, 27%, 25.82, 13.17,"[5, 7, 7, 11]"
 1344, 5  5  7  11 , 95.73, 26.1%, 25.98, 13.59,"[5, 5, 7, 11]"
 1345, 2  2  10  11 , 96.37, 30.4%, 26.17, 16.97,"[2, 2, 10, 11]"
 1346, 7  8  10  11 , 97.01, 29.6%, 23.92, 14.06,"[7, 8, 10, 11]"
 1347, 2  3  8  13 , 97.68, 31.7%, 24, 13.07,"[2, 3, 8, 13]"
 1348, 9  11  12  13 , 99.42, 28.1%, 21.91, 13.1,"[9, 11, 12, 13]"
 1349, 1  6  6  8 , 105.67, 29.1%, 22.01, 13.53,"[1, 6, 6, 8]"
 1350, 1  8  12  12 , 106.72, 28.8%, 20.55, 13.42,"[1, 8, 12, 12]"
 1351, 3  3  5  7 , 108.58, 29.1%, 28.8, 18.5,"[3, 3, 5, 7]"
 1352, 3  7  9  13 , 111.27, 26%, 40.38, 22.19,"[3, 7, 9, 13]"
 1353, 2  9  13  13 , 113.44, 24.8%, 31.05, 19.59,"[2, 9, 13, 13]"
 1354, 2  4  7  12 , 113.89, 28%, 29.86, 17.39,"[2, 4, 7, 12]"
 1355, 3  6  6  11 , 114.68, 26.9%, 25.31, 15.58,"[3, 6, 6, 11]"
 1356, 3  3  8  8 , 114.83, 30.2%, 15.67, 10.63,"[3, 3, 8, 8]"
 1357, 2  4  10  10 , 117.57, 25.4%, 29.43, 19.27,"[2, 4, 10, 10]"
 1358, 3  5  7  13 , 126.59, 23.5%, 38.76, 21.18,"[3, 5, 7, 13]"
 1359, 2  5  5  10 , 192.09, 21.6%, 24.08, 16.62,"[2, 5, 5, 10]"
 1360, 1  4  5  6 , 197.94, 28.4%, 18.46, 12,"[1, 4, 5, 6]"
 1361, 1  3  4  6 , 203.75, 26.8%, 19.94, 12.36,"[1, 3, 4, 6]"
 1362, 2  3  5  12 , 209.01, 20.5%, 29.7, 22.37,"[2, 3, 5, 12]"
